beauty_standard_l2,product_name,standard_l2,standard_l3,raw_l2,brand,monthly_gmv_usd,monthly_sales,product_count,brand_count,cn_share,growth_rate,representative_players,source_file
功效面部护肤,皮肤护理产品,护肤与个护,皮肤护理产品,个人护理产品,,559882197.54,29405678,2864,882,3.03076474203981,0,La Roche-Posay / medicube / CeraVe,Z:\主线任务2-天眼计划\行业专题研究\行研报告\健康与家庭-行业报告 V2.0\健康与家庭底表（已处理）\个人护理产品\个人护理产品竞品分析底表-市场大盘v1.xlsx
功效面部护肤,皮肤护理产品,个人护理,皮肤护理产品,个人护理,,559882197.54,29405678,2864,882,3.096021362379823,0,La Roche-Posay / medicube / CeraVe,Z:\主线任务2-天眼计划\行业专题研究\行研报告\美容和个人护理-行业研究\美容和个人护理（已处理）\个人护理\个人护理竞品分析底表-市场大盘v1.xlsx
功效面部护肤,面部皮肤护理产品,皮肤护理,面部皮肤护理产品,皮肤护理,,322551033.37,15875426,2304,728,3.352651525253429,0,medicube / La Roche-Posay / CLEAN SKIN CLUB,Z:\主线任务2-天眼计划\行业专题研究\行研报告\美容和个人护理-行业研究\美容和个人护理（已处理）\皮肤护理\皮肤护理竞品分析底表-市场大盘v1.xlsx
口腔护理,口腔护理产品,护肤与个护,口腔护理产品,个人护理产品,,179888105.67,10367741,869,302,8.234621135637646,0,Philips Sonicare / Oral-B / Crest,Z:\主线任务2-天眼计划\行业专题研究\行研报告\健康与家庭-行业报告 V2.0\健康与家庭底表（已处理）\个人护理产品\个人护理产品竞品分析底表-市场大盘v1.xlsx
口腔护理,口腔护理产品,个人护理,口腔护理产品,个人护理,,179888105.67,10367741,869,302,7.960940939736787,0,Philips Sonicare / Oral-B / Crest,Z:\主线任务2-天眼计划\行业专题研究\行研报告\美容和个人护理-行业研究\美容和个人护理（已处理）\个人护理\个人护理竞品分析底表-市场大盘v1.xlsx
身体/沐浴/除臭,浴室配件,护肤与个护,浴室配件,沐浴产品,,159181367.83,6878993,4009,2074,64.3,0,Kohler / RENPHO / DELTA,Z:\主线任务2-天眼计划\行业专题研究\行研报告\家庭和厨房-行业研究\沐浴产品竞品分析底表-市场大盘v1.xlsx
身体/沐浴/除臭,身体护肤品,皮肤护理,身体护肤品,皮肤护理,,157433058.36,10466750,1346,544,4.408684467101398,0,Dove / Mrs. MEYER‘S / La Roche-Posay,Z:\主线任务2-天眼计划\行业专题研究\行研报告\美容和个人护理-行业研究\美容和个人护理（已处理）\皮肤护理\皮肤护理竞品分析底表-市场大盘v1.xlsx
洗护/头皮/防脱,洗发水和护发素,头发护理,洗发水和护发素,头发护理,,130841116.36,6014518,1232,352,2.126965534551787,0,REDKEN / Nizoral / OUAI,Z:\主线任务2-天眼计划\行业专题研究\行研报告\美容和个人护理-行业研究\美容和个人护理（已处理）\头发护理\头发护理竞品分析底表-市场大盘v1.xlsx
男士剃须/理容,剃须和脱毛产品,护肤与个护,剃须和脱毛产品,美容工具和配件,,129121310.72,5527309,1739,692,18.73025361587655,0,Norelco / Gillette / Braun,Z:\主线任务2-天眼计划\行业专题研究\行研报告\美容和个人护理-行业研究\美容和个人护理（已处理）\美容工具和配件\美容工具和配件竞品分析底表-市场大盘v1.xlsx
男士剃须/理容,剃须和脱毛产品,护肤与个护,剃须和脱毛产品,个人护理产品,,106346882.67,4169981,557,215,16.18580468730161,0,Norelco / Gillette / Braun,Z:\主线任务2-天眼计划\行业专题研究\行研报告\健康与家庭-行业报告 V2.0\健康与家庭底表（已处理）\个人护理产品\个人护理产品竞品分析底表-市场大盘v1.xlsx
男士剃须/理容,剃须和脱毛产品,个人护理,剃须和脱毛产品,个人护理,,106346882.67,4169981,557,215,16.18580468730161,0,Norelco / Gillette / Braun,Z:\主线任务2-天眼计划\行业专题研究\行研报告\美容和个人护理-行业研究\美容和个人护理（已处理）\个人护理\个人护理竞品分析底表-市场大盘v1.xlsx
造型工具/吹风,造型工具和设备,头发护理,造型工具和设备,头发护理,,97736299.21,2447297,724,300,31.57075718991714,0,TYMO / Dyson / Shark,Z:\主线任务2-天眼计划\行业专题研究\行研报告\美容和个人护理-行业研究\美容和个人护理（已处理）\头发护理\头发护理竞品分析底表-市场大盘v1.xlsx
男士剃须/理容,男士剃须和脱毛产品,剃须和脱毛,男士剃须和脱毛产品,剃须和脱毛,,94836668.18,4093267,3321,1339,15.027393226163,0,Norelco / Gillette / Braun,Z:\主线任务2-天眼计划\行业专题研究\行研报告\美容和个人护理-行业研究\美容和个人护理（已处理）\剃须和脱毛\剃须和脱毛竞品分析底表-市场大盘v1.xlsx
功效面部护肤,阳光皮肤护理,皮肤护理,阳光皮肤护理,皮肤护理,,90523303.15,4340706,609,230,1.385689967500926,0,EltaMD / La Roche-Posay / Sun Bum,Z:\主线任务2-天眼计划\行业专题研究\行研报告\美容和个人护理-行业研究\美容和个人护理（已处理）\皮肤护理\皮肤护理竞品分析底表-市场大盘v1.xlsx
功效面部护肤,眼部化妆,护肤与个护,眼部化妆,化妆,,86688397.23,6615662,1848,619,24.36870484979896,0,MAYBELLINE / BABE ORIGINAL / L‘Oreal Paris,Z:\主线任务2-天眼计划\行业专题研究\行研报告\美容和个人护理-行业研究\美容和个人护理（已处理）\化妆\化妆竞品分析底表-市场大盘v1.xlsx
美甲/手足护理,指甲油和装饰产品,足部、手部和指甲护理,指甲油和装饰产品,足部、手部和指甲护理,,81675988.41,7047345,2784,881,62.26021290949444,0,beetles Gel Polish / OPI / modelones,Z:\主线任务2-天眼计划\行业专题研究\行研报告\美容和个人护理-行业研究\美容和个人护理（已处理）\足部、手部和指甲护理\足部、手部和指甲护理竞品分析底表-市场大盘v1.xlsx
功效面部护肤,发型产品,头发护理,发型产品,头发护理,,80709861.96,4338482,941,278,1.15509029176885,0,COLOR WOW / Moroccanoil / BASED BODYWORKS,Z:\主线任务2-天眼计划\行业专题研究\行研报告\美容和个人护理-行业研究\美容和个人护理（已处理）\头发护理\头发护理竞品分析底表-市场大盘v1.xlsx
功效面部护肤,面部化妆,护肤与个护,面部化妆,化妆,,76346533.6,4174735,1580,473,4.401670975144312,0,LAURA GELLER NEW YORK / e.l.f. / bareMinerals,Z:\主线任务2-天眼计划\行业专题研究\行研报告\美容和个人护理-行业研究\美容和个人护理（已处理）\化妆\化妆竞品分析底表-市场大盘v1.xlsx
口腔护理,牙刷和配件,美妆个护综合,牙刷和配件,口腔护理产品,,57890516.82,2541507,1341,537,17.12664423229794,0,Philips Sonicare / Oral-B / Aquasonic,Z:\主线任务2-天眼计划\行业专题研究\行研报告\健康与家庭-行业报告 V2.0\健康与家庭底表（已处理）\口腔护理产品\口腔护理产品竞品分析底表-市场大盘v1.xlsx
功效面部护肤,脱发产品,头发护理,脱发产品,头发护理,,56434132.51,1319975,291,157,3.247438914162907,0,Nutrafol / Rogaine / The Ordinary,Z:\主线任务2-天眼计划\行业专题研究\行研报告\美容和个人护理-行业研究\美容和个人护理（已处理）\头发护理\头发护理竞品分析底表-市场大盘v1.xlsx
香水/香氛,女性香水,香水,女性香水,香水,,51160363.8,1504630,2402,593,1.743600306454427,0,Lattafa / Sol de Janeiro / Dossier,Z:\主线任务2-天眼计划\行业专题研究\行研报告\美容和个人护理-行业研究\美容和个人护理（已处理）\香水\香水竞品分析底表-市场大盘v1.xlsx
功效面部护肤,眼部护理产品,皮肤护理,眼部护理产品,皮肤护理,,48923099.41,2305494,362,228,8.82526671872607,0,Dr.Melaxin / grace & stella / RoC,Z:\主线任务2-天眼计划\行业专题研究\行研报告\美容和个人护理-行业研究\美容和个人护理（已处理）\皮肤护理\皮肤护理竞品分析底表-市场大盘v1.xlsx
功效面部护肤,头发延伸、假发和配件,头发护理,头发延伸、假发和配件,头发护理,,48716779.28,921367,702,515,86.57519362597732,0,GOO GOO / Pizazz / UNICE,Z:\主线任务2-天眼计划\行业专题研究\行研报告\美容和个人护理-行业研究\美容和个人护理（已处理）\头发护理\头发护理竞品分析底表-市场大盘v1.xlsx
男士剃须/理容,女性剃须和脱毛产品,剃须和脱毛,女性剃须和脱毛产品,剃须和脱毛,,47462283.78,2447786,1483,658,33.26508170821105,0,Gillette Venus / Braun / Ulike,Z:\主线任务2-天眼计划\行业专题研究\行研报告\美容和个人护理-行业研究\美容和个人护理（已处理）\剃须和脱毛\剃须和脱毛竞品分析底表-市场大盘v1.xlsx
口腔护理,牙膏,美妆个护综合,牙膏,口腔护理产品,,44803163.38,3258625,578,244,3.834220087162068,0,Crest / Colgate / Sensodyne,Z:\主线任务2-天眼计划\行业专题研究\行研报告\健康与家庭-行业报告 V2.0\健康与家庭底表（已处理）\口腔护理产品\口腔护理产品竞品分析底表-市场大盘v1.xlsx
美容工具/仪器,化妆刷和工具,护肤与个护,化妆刷和工具,美容工具和配件,,42968291.61,3714954,861,415,63.74315222629351,0,LAURA GELLER NEW YORK / Goddvenus / e.l.f.,Z:\主线任务2-天眼计划\行业专题研究\行研报告\美容和个人护理-行业研究\美容和个人护理（已处理）\美容工具和配件\美容工具和配件竞品分析底表-市场大盘v1.xlsx
身体/沐浴/除臭,除臭剂和止汗剂,护肤与个护,除臭剂和止汗剂,个人护理产品,,40114462.61,2840233,245,71,0,0,Lume / Old Spice / Secret,Z:\主线任务2-天眼计划\行业专题研究\行研报告\健康与家庭-行业报告 V2.0\健康与家庭底表（已处理）\个人护理产品\个人护理产品竞品分析底表-市场大盘v1.xlsx
身体/沐浴/除臭,除臭剂和止汗剂,个人护理,除臭剂和止汗剂,个人护理,,40114462.61,2840233,245,71,0,0,Lume / Old Spice / Secret,Z:\主线任务2-天眼计划\行业专题研究\行研报告\美容和个人护理-行业研究\美容和个人护理（已处理）\个人护理\个人护理竞品分析底表-市场大盘v1.xlsx
口腔护理,牙线和牙签,美妆个护综合,牙线和牙签,口腔护理产品,,39062463.96,2224049,833,333,22.70664686969736,0,Waterpik / COSLUS / Cocolab,Z:\主线任务2-天眼计划\行业专题研究\行研报告\健康与家庭-行业报告 V2.0\健康与家庭底表（已处理）\口腔护理产品\口腔护理产品竞品分析底表-市场大盘v1.xlsx
男士剃须/理容,男士香水,香水,男士香水,香水,,38404374.18,958256,1766,480,1.88361262342018,0,Armaf / Versace / Lattafa,Z:\主线任务2-天眼计划\行业专题研究\行研报告\美容和个人护理-行业研究\美容和个人护理（已处理）\香水\香水竞品分析底表-市场大盘v1.xlsx
美容工具/仪器,皮肤护理工具,护肤与个护,皮肤护理工具,美容工具和配件,,29458276.4,1075117,440,311,32.60394572847446,0,medicube / Shark / MICHAEL TODD,Z:\主线任务2-天眼计划\行业专题研究\行研报告\美容和个人护理-行业研究\美容和个人护理（已处理）\美容工具和配件\美容工具和配件竞品分析底表-市场大盘v1.xlsx
身体/沐浴/除臭,浴室毛巾,护肤与个护,浴室毛巾,沐浴产品,,27562908.22,1117226,557,288,20.96,0,Utopia Towels / Tens Towels / American Soft Linen,Z:\主线任务2-天眼计划\行业专题研究\行研报告\家庭和厨房-行业研究\沐浴产品竞品分析底表-市场大盘v1.xlsx
功效面部护肤,染发产品,头发护理,染发产品,头发护理,,26629708.44,1774749,230,118,2.257059747215167,0,L‘Oreal Paris / Just for Men / Clairol,Z:\主线任务2-天眼计划\行业专题研究\行研报告\美容和个人护理-行业研究\美容和个人护理（已处理）\头发护理\头发护理竞品分析底表-市场大盘v1.xlsx
美容工具/仪器,手、脚和指甲工具,足部、手部和指甲护理,手、脚和指甲工具,足部、手部和指甲护理,,26092717.02,1994535,1098,598,54.44054725735113,0,MelodySusie / COSLUS / Homedics,Z:\主线任务2-天眼计划\行业专题研究\行研报告\美容和个人护理-行业研究\美容和个人护理（已处理）\足部、手部和指甲护理\足部、手部和指甲护理竞品分析底表-市场大盘v1.xlsx
功效面部护肤,足部和手部护理,足部、手部和指甲护理,足部和手部护理,足部、手部和指甲护理,,25024512.06,1726081,801,436,18.11840630150532,0,Mrs. MEYER‘S / Ebanel / O‘Keeffe‘s,Z:\主线任务2-天眼计划\行业专题研究\行研报告\美容和个人护理-行业研究\美容和个人护理（已处理）\足部、手部和指甲护理\足部、手部和指甲护理竞品分析底表-市场大盘v1.xlsx
美容工具/仪器,化妆袋和化妆盒,护肤与个护,化妆袋和化妆盒,美容工具和配件,,22245712.77,1084550,656,419,78.9518224549116,0,BAGSMART / TREKTOTE / Vtopmart,Z:\主线任务2-天眼计划\行业专题研究\行研报告\美容和个人护理-行业研究\美容和个人护理（已处理）\美容工具和配件\美容工具和配件竞品分析底表-市场大盘v1.xlsx
功效面部护肤,浴缸和浴室配件,护肤与个护,浴缸和浴室配件,个人护理产品,,21989121.29,1689154,174,130,29.41484675397868,0,Body Restore / Dr Teal‘s / Amazon Basics,Z:\主线任务2-天眼计划\行业专题研究\行研报告\健康与家庭-行业报告 V2.0\健康与家庭底表（已处理）\个人护理产品\个人护理产品竞品分析底表-市场大盘v1.xlsx
功效面部护肤,浴缸和浴室配件,个人护理,浴缸和浴室配件,个人护理,,21989121.29,1689154,174,130,29.41484675397868,0,Body Restore / Dr Teal‘s / Amazon Basics,Z:\主线任务2-天眼计划\行业专题研究\行研报告\美容和个人护理-行业研究\美容和个人护理（已处理）\个人护理\个人护理竞品分析底表-市场大盘v1.xlsx
彩妆/卸妆,唇部彩妆,护肤与个护,唇部彩妆,化妆,,21933907.91,1943509,671,266,9.857977469733983,0,Wonderskin / Clinique / REVLON,Z:\主线任务2-天眼计划\行业专题研究\行研报告\美容和个人护理-行业研究\美容和个人护理（已处理）\化妆\化妆竞品分析底表-市场大盘v1.xlsx
口腔护理,漱口水,美妆个护综合,漱口水,口腔护理产品,,21682834.7,1769474,387,170,0.6955537045163196,0,TheraBreath / Listerine / CloSYS,Z:\主线任务2-天眼计划\行业专题研究\行研报告\健康与家庭-行业报告 V2.0\健康与家庭底表（已处理）\口腔护理产品\口腔护理产品竞品分析底表-市场大盘v1.xlsx
功效面部护肤,唇部护理产品,皮肤护理,唇部护理产品,皮肤护理,,20644027.63,1708989,222,122,6.011267434057392,0,LANEIGE / Summer Fridays / Burt‘s Bees,Z:\主线任务2-天眼计划\行业专题研究\行研报告\美容和个人护理-行业研究\美容和个人护理（已处理）\皮肤护理\皮肤护理竞品分析底表-市场大盘v1.xlsx
口腔护理,牙齿美白产品,美妆个护综合,牙齿美白产品,口腔护理产品,,18202082.16,632941,361,195,5.515627339636182,0,Crest / Opalescence / Lumineux,Z:\主线任务2-天眼计划\行业专题研究\行研报告\健康与家庭-行业报告 V2.0\健康与家庭底表（已处理）\口腔护理产品\口腔护理产品竞品分析底表-市场大盘v1.xlsx
功效面部护肤,发型配饰,头发护理,发型配饰,头发护理,,17925766.3,2052634,320,223,63.85997367376144,0,Kitsch / YANIBEST / GOODY,Z:\主线任务2-天眼计划\行业专题研究\行研报告\美容和个人护理-行业研究\美容和个人护理（已处理）\头发护理\头发护理竞品分析底表-市场大盘v1.xlsx
功效面部护肤,唇部护理产品,护肤与个护,唇部护理产品,个人护理产品,,17357579,1386419,122,77,4.990277791620593,0,LANEIGE / Summer Fridays / Burt‘s Bees,Z:\主线任务2-天眼计划\行业专题研究\行研报告\健康与家庭-行业报告 V2.0\健康与家庭底表（已处理）\个人护理产品\个人护理产品竞品分析底表-市场大盘v1.xlsx
功效面部护肤,唇部护理产品,个人护理,唇部护理产品,个人护理,,17357579,1386419,122,77,4.990277791620593,0,LANEIGE / Summer Fridays / Burt‘s Bees,Z:\主线任务2-天眼计划\行业专题研究\行研报告\美容和个人护理-行业研究\美容和个人护理（已处理）\个人护理\个人护理竞品分析底表-市场大盘v1.xlsx
彩妆/卸妆,卸妆液,护肤与个护,卸妆液,化妆,,16775538.53,1221160,261,179,16.22531697049489,0,Neutrogena / STACY LASH / Garnier,Z:\主线任务2-天眼计划\行业专题研究\行研报告\美容和个人护理-行业研究\美容和个人护理（已处理）\化妆\化妆竞品分析底表-市场大盘v1.xlsx
身体/沐浴/除臭,沐浴配件,护肤与个护,沐浴配件,美容工具和配件,,16560544.98,1458397,387,280,50.54588656417513,0,Amazon Basics / Utopia Towels / AmazerBath,Z:\主线任务2-天眼计划\行业专题研究\行研报告\美容和个人护理-行业研究\美容和个人护理（已处理）\美容工具和配件\美容工具和配件竞品分析底表-市场大盘v1.xlsx
美容工具/仪器,理发工具,头发护理,理发工具,头发护理,,15877198.54,433821,174,75,41.08825271388211,0,Wahl / Wahl Professional / Ufree,Z:\主线任务2-天眼计划\行业专题研究\行研报告\美容和个人护理-行业研究\美容和个人护理（已处理）\头发护理\头发护理竞品分析底表-市场大盘v1.xlsx
身体/沐浴/除臭,浴室地垫,护肤与个护,浴室地垫,沐浴产品,,13262579.88,744850,288,162,75.82,0,OLANLY / Yimobra / GORILLA GRIP,Z:\主线任务2-天眼计划\行业专题研究\行研报告\家庭和厨房-行业研究\沐浴产品竞品分析底表-市场大盘v1.xlsx
口腔护理,义齿护理,美妆个护综合,义齿护理,口腔护理产品,,12355597.61,714697,353,193,23.17822286218011,0,m3naturals / Fixodent / UEOFEN,Z:\主线任务2-天眼计划\行业专题研究\行研报告\健康与家庭-行业报告 V2.0\健康与家庭底表（已处理）\口腔护理产品\口腔护理产品竞品分析底表-市场大盘v1.xlsx
口腔护理,婴儿和儿童牙科护理产品,美妆个护综合,婴儿和儿童牙科护理产品,口腔护理产品,,12288569.05,1131074,327,163,13.2061478712202,0,Boka / Tom’s of Maine / Dr. Brown‘s,Z:\主线任务2-天眼计划\行业专题研究\行研报告\健康与家庭-行业报告 V2.0\健康与家庭底表（已处理）\口腔护理产品\口腔护理产品竞品分析底表-市场大盘v1.xlsx
功效面部护肤,头发护理油,头发护理,头发护理油,头发护理,,12134521.88,639519,109,87,3.103376496610676,0,Moroccanoil / Olaplex / BASK & LATHER,Z:\主线任务2-天眼计划\行业专题研究\行研报告\美容和个人护理-行业研究\美容和个人护理（已处理）\头发护理\头发护理竞品分析底表-市场大盘v1.xlsx
美容工具/仪器,个人后视镜,护肤与个护,个人后视镜,美容工具和配件,,12024893.12,493625,310,168,81.11260501581906,0,FUNTOUCH / Ratsamee / B Beauty Planet,Z:\主线任务2-天眼计划\行业专题研究\行研报告\美容和个人护理-行业研究\美容和个人护理（已处理）\美容工具和配件\美容工具和配件竞品分析底表-市场大盘v1.xlsx
功效面部护肤,头发护理面膜,头发护理,头发护理面膜,头发护理,,11507716.5,490223,116,68,8.214879381152638,0,K18 / Olaplex / Karseell,Z:\主线任务2-天眼计划\行业专题研究\行研报告\美容和个人护理-行业研究\美容和个人护理（已处理）\头发护理\头发护理竞品分析底表-市场大盘v1.xlsx
美容工具/仪器,可再填充化妆品容器,护肤与个护,可再填充化妆品容器,美容工具和配件,,10378417.23,930046,325,213,75.21426386131135,0,Mrsdry / Tocelffe / BeautifyBeauties,Z:\主线任务2-天眼计划\行业专题研究\行研报告\美容和个人护理-行业研究\美容和个人护理（已处理）\美容工具和配件\美容工具和配件竞品分析底表-市场大盘v1.xlsx
功效面部护肤,穿孔和纹身用品,护肤与个护,穿孔和纹身用品,个人护理产品,,8026121.93,370923,63,36,38.26133202040702,0,NeilMed / Hustle Butter Deluxe / MAST TATTOO,Z:\主线任务2-天眼计划\行业专题研究\行研报告\健康与家庭-行业报告 V2.0\健康与家庭底表（已处理）\个人护理产品\个人护理产品竞品分析底表-市场大盘v1.xlsx
功效面部护肤,穿孔和纹身用品,个人护理,穿孔和纹身用品,个人护理,,8026121.93,370923,63,36,38.26133202040702,0,NeilMed / Hustle Butter Deluxe / MAST TATTOO,Z:\主线任务2-天眼计划\行业专题研究\行研报告\美容和个人护理-行业研究\美容和个人护理（已处理）\个人护理\个人护理竞品分析底表-市场大盘v1.xlsx
功效面部护肤,指甲护理产品,足部、手部和指甲护理,指甲护理产品,足部、手部和指甲护理,,7567744.26,620981,284,159,15.6375035855136,0,OPI / Sally Hansen / LONDONTOWN,Z:\主线任务2-天眼计划\行业专题研究\行研报告\美容和个人护理-行业研究\美容和个人护理（已处理）\足部、手部和指甲护理\足部、手部和指甲护理竞品分析底表-市场大盘v1.xlsx
身体/沐浴/除臭,身体化妆,护肤与个护,身体化妆,化妆,,7169790.96,604934,415,257,47.54660880656972,0,Westmore Beauty / Australian Gold / MEICOLY,Z:\主线任务2-天眼计划\行业专题研究\行研报告\美容和个人护理-行业研究\美容和个人护理（已处理）\化妆\化妆竞品分析底表-市场大盘v1.xlsx
功效面部护肤,沙龙和水疗椅,护肤与个护,沙龙和水疗椅,沙龙和水疗设备,,6947132.75,19705,788,318,61.86846307204939,0,RELX / FURNIMAT / armali,Z:\主线任务2-天眼计划\行业专题研究\行研报告\美容和个人护理-行业研究\美容和个人护理（已处理）\沙龙和水疗设备\沙龙和水疗设备竞品分析底表-市场大盘v1.xlsx
功效面部护肤,足部、手部和指甲护理产品,护肤与个护,足部、手部和指甲护理产品,礼品套装,,6522014.07,686108,319,32,92.08321747763418,0,beetles Gel Polish / modelones / UNA GELLA,Z:\主线任务2-天眼计划\行业专题研究\行研报告\美容和个人护理-行业研究\美容和个人护理（已处理）\礼品套装\礼品套装竞品分析底表-市场大盘v1.xlsx
美容工具/仪器,护肤套装和工具包,皮肤护理,护肤套装和工具包,皮肤护理,,5901737.42,189653,78,66,9.632093052354064,0,SOL DE JANEIRO / ANUA / Burt‘s Bees,Z:\主线任务2-天眼计划\行业专题研究\行研报告\美容和个人护理-行业研究\美容和个人护理（已处理）\皮肤护理\皮肤护理竞品分析底表-市场大盘v1.xlsx
美容工具/仪器,棉球和棉签,护肤与个护,棉球和棉签,美容工具和配件,,5893042.76,1125557,100,54,7.288512021589336,0,Amazon Basics / Q-tips / Cliganic,Z:\主线任务2-天眼计划\行业专题研究\行研报告\美容和个人护理-行业研究\美容和个人护理（已处理）\美容工具和配件\美容工具和配件竞品分析底表-市场大盘v1.xlsx
洗护/头皮/防脱,头皮护理,头发护理,头皮护理,头发护理,,5647274.16,250799,75,57,4.941564940774895,0,BASK & LATHER / WEEMOTD / divi,Z:\主线任务2-天眼计划\行业专题研究\行研报告\美容和个人护理-行业研究\美容和个人护理（已处理）\头发护理\头发护理竞品分析底表-市场大盘v1.xlsx
香水/香氛,香水套装,香水,香水套装,香水,,5535822.99,140446,662,247,3.019393869745102,0,Versace / Jean Paul Gaultier / Bella Vita Luxury,Z:\主线任务2-天眼计划\行业专题研究\行研报告\美容和个人护理-行业研究\美容和个人护理（已处理）\香水\香水竞品分析底表-市场大盘v1.xlsx
功效面部护肤,水疗床和桌子,护肤与个护,水疗床和桌子,沙龙和水疗设备,,5496538.8,33984,743,272,49.85472657811494,0,EarthLite / BestMassage / Master Massage Equipment,Z:\主线任务2-天眼计划\行业专题研究\行研报告\美容和个人护理-行业研究\美容和个人护理（已处理）\沙龙和水疗设备\沙龙和水疗设备竞品分析底表-市场大盘v1.xlsx
功效面部护肤,其他,护肤与个护,其他,个人护理产品,,4785948.77,216824,13,9,2.816226342514736,0,Crest / BodyGlide / Differin,Z:\主线任务2-天眼计划\行业专题研究\行研报告\健康与家庭-行业报告 V2.0\健康与家庭底表（已处理）\个人护理产品\个人护理产品竞品分析底表-市场大盘v1.xlsx
功效面部护肤,其他,个人护理,其他,个人护理,,4785948.77,216824,13,9,2.816226342514736,0,Crest / BodyGlide / Differin,Z:\主线任务2-天眼计划\行业专题研究\行研报告\美容和个人护理-行业研究\美容和个人护理（已处理）\个人护理\个人护理竞品分析底表-市场大盘v1.xlsx
功效面部护肤,婴儿皮肤护理,护肤与个护,婴儿皮肤护理,个人护理产品,,3555932.7,242059,26,16,0,0,BLUE LIZARD / Coppertone / Babo Botanicals,Z:\主线任务2-天眼计划\行业专题研究\行研报告\健康与家庭-行业报告 V2.0\健康与家庭底表（已处理）\个人护理产品\个人护理产品竞品分析底表-市场大盘v1.xlsx
功效面部护肤,婴儿皮肤护理,个人护理,婴儿皮肤护理,个人护理,,3555932.7,242059,26,16,0,0,BLUE LIZARD / Coppertone / Babo Botanicals,Z:\主线任务2-天眼计划\行业专题研究\行研报告\美容和个人护理-行业研究\美容和个人护理（已处理）\个人护理\个人护理竞品分析底表-市场大盘v1.xlsx
口腔护理,呼吸清新剂,美妆个护综合,呼吸清新剂,口腔护理产品,,3427312.26,245839,155,121,15.10258916413995,0,Listerine / BioGaia / MENTOS,Z:\主线任务2-天眼计划\行业专题研究\行研报告\健康与家庭-行业报告 V2.0\健康与家庭底表（已处理）\口腔护理产品\口腔护理产品竞品分析底表-市场大盘v1.xlsx
口腔护理,个人正畸用品,美妆个护综合,个人正畸用品,口腔护理产品,,3262908.86,242075,196,119,29.56451318103933,0,Retainer Brite / EverSmile / INVISALIGN,Z:\主线任务2-天眼计划\行业专题研究\行研报告\健康与家庭-行业报告 V2.0\健康与家庭底表（已处理）\口腔护理产品\口腔护理产品竞品分析底表-市场大盘v1.xlsx
口腔护理,口腔干燥缓解产品,美妆个护综合,口腔干燥缓解产品,口腔护理产品,,3228527.96,247052,69,34,0,0,Oracoat / biotène / Larine co,Z:\主线任务2-天眼计划\行业专题研究\行研报告\健康与家庭-行业报告 V2.0\健康与家庭底表（已处理）\口腔护理产品\口腔护理产品竞品分析底表-市场大盘v1.xlsx
功效面部护肤,其他,皮肤护理,其他,皮肤护理,,2840434.03,140085,7,6,0,0,BodyGlide / Differin / DHC,Z:\主线任务2-天眼计划\行业专题研究\行研报告\美容和个人护理-行业研究\美容和个人护理（已处理）\皮肤护理\皮肤护理竞品分析底表-市场大盘v1.xlsx
功效面部护肤,手工美容与仪容,美妆个护综合,手工美容与仪容,手工美容与仪容,,2748696.08,113632,818,266,7.329559330546285,0,Hearth and Homestead / MyMagicHealer / The Herbal Zen,Z:\主线任务2-天眼计划\行业专题研究\行研报告\手工制品-行业研究\手工美容与仪容竞品分析底表-市场大盘v1.xlsx
口腔护理,口腔疼痛治疗,美妆个护综合,口腔疼痛治疗,口腔护理产品,,2670558.49,201873,130,88,27.62024620550437,0,OHALEEP / Orajel / Dentemp,Z:\主线任务2-天眼计划\行业专题研究\行研报告\健康与家庭-行业报告 V2.0\健康与家庭底表（已处理）\口腔护理产品\口腔护理产品竞品分析底表-市场大盘v1.xlsx
功效面部护肤,烫发器、放松剂和质地剂,头发护理,烫发器、放松剂和质地剂,头发护理,,2600863.84,114220,19,18,0,0,COLOR WOW / Kenra / Botanic Hearth,Z:\主线任务2-天眼计划\行业专题研究\行研报告\美容和个人护理-行业研究\美容和个人护理（已处理）\头发护理\头发护理竞品分析底表-市场大盘v1.xlsx
口腔护理,鞋舌刷、刮刀和清洁器,美妆个护综合,鞋舌刷、刮刀和清洁器,口腔护理产品,,2526052.02,294838,81,61,16.88678485726513,0,Peak Essentials The Original TUNG Brush / mastermedi / Mouthology,Z:\主线任务2-天眼计划\行业专题研究\行研报告\健康与家庭-行业报告 V2.0\健康与家庭底表（已处理）\口腔护理产品\口腔护理产品竞品分析底表-市场大盘v1.xlsx
口腔护理,防磨齿保护器,美妆个护综合,防磨齿保护器,口腔护理产品,,2506433.39,137177,59,42,18.96771571495862,0,DenTek / Plackers / OHALEEP,Z:\主线任务2-天眼计划\行业专题研究\行研报告\健康与家庭-行业报告 V2.0\健康与家庭底表（已处理）\口腔护理产品\口腔护理产品竞品分析底表-市场大盘v1.xlsx
香水/香氛,女性香水,头发护理,女性香水,头发护理,,2475302.21,103483,4,4,0,0,Sol de Janeiro / HOUSE OF TWIST / Pacifica,Z:\主线任务2-天眼计划\行业专题研究\行研报告\美容和个人护理-行业研究\美容和个人护理（已处理）\头发护理\头发护理竞品分析底表-市场大盘v1.xlsx
功效面部护肤,专业按摩设备,护肤与个护,专业按摩设备,沙龙和水疗设备,,2420872.44,79290,676,320,53.0044139789538,0,ForPro Professional Collection / EarthLite / Saloniture,Z:\主线任务2-天眼计划\行业专题研究\行研报告\美容和个人护理-行业研究\美容和个人护理（已处理）\沙龙和水疗设备\沙龙和水疗设备竞品分析底表-市场大盘v1.xlsx
功效面部护肤,化妆调色板,护肤与个护,化妆调色板,化妆,,2271093.56,92709,80,54,14.92264369769073,0,LAURA GELLER NEW YORK / Urban Decay / UCANBE,Z:\主线任务2-天眼计划\行业专题研究\行研报告\美容和个人护理-行业研究\美容和个人护理（已处理）\化妆\化妆竞品分析底表-市场大盘v1.xlsx
男士剃须/理容,男士剃须和脱毛产品,头发护理,男士剃须和脱毛产品,头发护理,,2108417.7,34937,7,5,10.71585198701377,0,MANSCAPED / Norelco / OLOV For Man,Z:\主线任务2-天眼计划\行业专题研究\行研报告\美容和个人护理-行业研究\美容和个人护理（已处理）\头发护理\头发护理竞品分析底表-市场大盘v1.xlsx
身体/沐浴/除臭,身体磨砂和护理,护肤与个护,身体磨砂和护理,个人护理产品,,2106580.81,116902,18,16,4.256071239916023,0,medicube / Dr.Melaxin / Dove,Z:\主线任务2-天眼计划\行业专题研究\行研报告\健康与家庭-行业报告 V2.0\健康与家庭底表（已处理）\个人护理产品\个人护理产品竞品分析底表-市场大盘v1.xlsx
身体/沐浴/除臭,身体磨砂和护理,个人护理,身体磨砂和护理,个人护理,,2106580.81,116902,18,16,4.256071239916023,0,medicube / Dr.Melaxin / Dove,Z:\主线任务2-天眼计划\行业专题研究\行研报告\美容和个人护理-行业研究\美容和个人护理（已处理）\个人护理\个人护理竞品分析底表-市场大盘v1.xlsx
功效面部护肤,面部皮肤护理产品,护肤与个护,面部皮肤护理产品,化妆,,2088891.5,123385,14,13,0.2887794794511826,0,Clinique / Amazon Basics / philosophy,Z:\主线任务2-天眼计划\行业专题研究\行研报告\美容和个人护理-行业研究\美容和个人护理（已处理）\化妆\化妆竞品分析底表-市场大盘v1.xlsx
功效面部护肤,孕妇皮肤护理,皮肤护理,孕妇皮肤护理,皮肤护理,,2008092.6,94425,22,15,3.621207508060136,0,Palmer‘s / HATCH / Frida Mom,Z:\主线任务2-天眼计划\行业专题研究\行研报告\美容和个人护理-行业研究\美容和个人护理（已处理）\皮肤护理\皮肤护理竞品分析底表-市场大盘v1.xlsx
功效面部护肤,沙龙和水疗凳子,护肤与个护,沙龙和水疗凳子,沙龙和水疗设备,,1874873.85,36101,599,328,84.48835264303248,0,BFTOU / YEEZEE / KKTONER,Z:\主线任务2-天眼计划\行业专题研究\行研报告\美容和个人护理-行业研究\美容和个人护理（已处理）\沙龙和水疗设备\沙龙和水疗设备竞品分析底表-市场大盘v1.xlsx
男士剃须/理容,理发工具,剃须和脱毛,理发工具,剃须和脱毛,,1865730.1,40762,74,45,23.43132482024062,0,Wahl / BaBylissPRO / SUPRENT,Z:\主线任务2-天眼计划\行业专题研究\行研报告\美容和个人护理-行业研究\美容和个人护理（已处理）\剃须和脱毛\剃须和脱毛竞品分析底表-市场大盘v1.xlsx
香水/香氛,香水和香水,护肤与个护,香水和香水,礼品套装,,1838277.33,31894,74,58,0,0,Versace / Lattafa / CLINIQUE,Z:\主线任务2-天眼计划\行业专题研究\行研报告\美容和个人护理-行业研究\美容和个人护理（已处理）\礼品套装\礼品套装竞品分析底表-市场大盘v1.xlsx
口腔护理,牙科护理套件,美妆个护综合,牙科护理套件,口腔护理产品,,1832165.11,128157,97,78,70.29310857251288,0,OXRMAK / Nature Nerds / Moeckearla,Z:\主线任务2-天眼计划\行业专题研究\行研报告\健康与家庭-行业报告 V2.0\健康与家庭底表（已处理）\口腔护理产品\口腔护理产品竞品分析底表-市场大盘v1.xlsx
功效面部护肤,化妆套装,护肤与个护,化妆套装,化妆,,1756878.46,56535,94,58,34.08976054040756,0,Milk Makeup / Thrive Causemetics / LAURA GELLER NEW YORK,Z:\主线任务2-天眼计划\行业专题研究\行研报告\美容和个人护理-行业研究\美容和个人护理（已处理）\化妆\化妆竞品分析底表-市场大盘v1.xlsx
功效面部护肤,面部化妆,皮肤护理,面部化妆,皮肤护理,,1684821.79,96672,9,9,0,0,LAURA GELLER NEW YORK / Milani / Saie,Z:\主线任务2-天眼计划\行业专题研究\行研报告\美容和个人护理-行业研究\美容和个人护理（已处理）\皮肤护理\皮肤护理竞品分析底表-市场大盘v1.xlsx
功效面部护肤,面部化妆,护肤与个护,面部化妆,个人护理产品,,1628071.89,91724,7,7,0,0,LAURA GELLER NEW YORK / Milani / Saie,Z:\主线任务2-天眼计划\行业专题研究\行研报告\健康与家庭-行业报告 V2.0\健康与家庭底表（已处理）\个人护理产品\个人护理产品竞品分析底表-市场大盘v1.xlsx
功效面部护肤,面部化妆,个人护理,面部化妆,个人护理,,1628071.89,91724,7,7,0,0,LAURA GELLER NEW YORK / Milani / Saie,Z:\主线任务2-天眼计划\行业专题研究\行研报告\美容和个人护理-行业研究\美容和个人护理（已处理）\个人护理\个人护理竞品分析底表-市场大盘v1.xlsx
功效面部护肤,毛巾加热器,护肤与个护,毛巾加热器,沙龙和水疗设备,,1589317.97,19952,262,153,63.0783184311444,0,FLYHIT / ForPro Professional Collection / Sachie,Z:\主线任务2-天眼计划\行业专题研究\行研报告\美容和个人护理-行业研究\美容和个人护理（已处理）\沙龙和水疗设备\沙龙和水疗设备竞品分析底表-市场大盘v1.xlsx
美容工具/仪器,浴室毛巾,护肤与个护,浴室毛巾,美容工具和配件,,1565305.49,73278,8,8,1.778804851697032,0,Chakir Turkish Linens / American Soft Linen / Amazon Basics,Z:\主线任务2-天眼计划\行业专题研究\行研报告\美容和个人护理-行业研究\美容和个人护理（已处理）\美容工具和配件\美容工具和配件竞品分析底表-市场大盘v1.xlsx
身体/沐浴/除臭,婴儿沐浴用品,护肤与个护,婴儿沐浴用品,个人护理产品,,1543471.25,117002,4,4,0,0,Aveeno Baby / The Honest Company / ATTITUDE,Z:\主线任务2-天眼计划\行业专题研究\行研报告\健康与家庭-行业报告 V2.0\健康与家庭底表（已处理）\个人护理产品\个人护理产品竞品分析底表-市场大盘v1.xlsx
身体/沐浴/除臭,婴儿沐浴用品,个人护理,婴儿沐浴用品,个人护理,,1543471.25,117002,4,4,0,0,Aveeno Baby / The Honest Company / ATTITUDE,Z:\主线任务2-天眼计划\行业专题研究\行研报告\美容和个人护理-行业研究\美容和个人护理（已处理）\个人护理\个人护理竞品分析底表-市场大盘v1.xlsx
功效面部护肤,套件、套件,头发护理,套件、套件,头发护理,,1501725.82,58894,9,8,0,0,BELLISSO / Botanic Hearth / Malibu C,Z:\主线任务2-天眼计划\行业专题研究\行研报告\美容和个人护理-行业研究\美容和个人护理（已处理）\头发护理\头发护理竞品分析底表-市场大盘v1.xlsx
功效面部护肤,浴室毛巾,护肤与个护,浴室毛巾,个人护理产品,,1498338.76,70684,5,5,0,0,Chakir Turkish Linens / American Soft Linen / Amazon Basics,Z:\主线任务2-天眼计划\行业专题研究\行研报告\健康与家庭-行业报告 V2.0\健康与家庭底表（已处理）\个人护理产品\个人护理产品竞品分析底表-市场大盘v1.xlsx
功效面部护肤,浴室毛巾,个人护理,浴室毛巾,个人护理,,1498338.76,70684,5,5,0,0,Chakir Turkish Linens / American Soft Linen / Amazon Basics,Z:\主线任务2-天眼计划\行业专题研究\行研报告\美容和个人护理-行业研究\美容和个人护理（已处理）\个人护理\个人护理竞品分析底表-市场大盘v1.xlsx
彩妆/卸妆,卸妆液,护肤与个护,卸妆液,个人护理产品,,1349285.81,112637,4,4,0,0,Cetaphil / Garnier / Rael,Z:\主线任务2-天眼计划\行业专题研究\行研报告\健康与家庭-行业报告 V2.0\健康与家庭底表（已处理）\个人护理产品\个人护理产品竞品分析底表-市场大盘v1.xlsx
彩妆/卸妆,卸妆液,个人护理,卸妆液,个人护理,,1349285.81,112637,4,4,0,0,Cetaphil / Garnier / Rael,Z:\主线任务2-天眼计划\行业专题研究\行研报告\美容和个人护理-行业研究\美容和个人护理（已处理）\个人护理\个人护理竞品分析底表-市场大盘v1.xlsx
彩妆/卸妆,卸妆液,皮肤护理,卸妆液,皮肤护理,,1349285.81,112637,4,4,0,0,Cetaphil / Garnier / Rael,Z:\主线任务2-天眼计划\行业专题研究\行研报告\美容和个人护理-行业研究\美容和个人护理（已处理）\皮肤护理\皮肤护理竞品分析底表-市场大盘v1.xlsx
功效面部护肤,Spa存储系统,护肤与个护,Spa存储系统,沙龙和水疗设备,,1332298.33,22710,623,293,68.88294230617252,0,OmySalon / TASALON / BarberPub,Z:\主线任务2-天眼计划\行业专题研究\行研报告\美容和个人护理-行业研究\美容和个人护理（已处理）\沙龙和水疗设备\沙龙和水疗设备竞品分析底表-市场大盘v1.xlsx
美容工具/仪器,化妆刷和工具,护肤与个护,化妆刷和工具,化妆,,1327156.91,93507,17,16,59.4914545560404,0,Lancôme / YIDUO / Mavphnee,Z:\主线任务2-天眼计划\行业专题研究\行研报告\美容和个人护理-行业研究\美容和个人护理（已处理）\化妆\化妆竞品分析底表-市场大盘v1.xlsx
身体/沐浴/除臭,儿童浴室,护肤与个护,儿童浴室,沐浴产品,,1175947.28,53040,44,25,46.37,0,Jay Franco / Get Trend / VOOVA & MOVAS,Z:\主线任务2-天眼计划\行业专题研究\行研报告\家庭和厨房-行业研究\沐浴产品竞品分析底表-市场大盘v1.xlsx
功效面部护肤,发香,头发护理,发香,头发护理,,1132681.21,52789,10,10,0,0,Kitsch / L‘Occitane / Moroccanoil,Z:\主线任务2-天眼计划\行业专题研究\行研报告\美容和个人护理-行业研究\美容和个人护理（已处理）\头发护理\头发护理竞品分析底表-市场大盘v1.xlsx
身体/沐浴/除臭,狗床和家具,护肤与个护,狗床和家具,沐浴产品,,1111123.3,44534,1,1,0,0,Muddy Mat,Z:\主线任务2-天眼计划\行业专题研究\行研报告\家庭和厨房-行业研究\沐浴产品竞品分析底表-市场大盘v1.xlsx
功效面部护肤,头发护理产品,护肤与个护,头发护理产品,礼品套装,,1096230.58,40481,34,28,0.7868444976238483,0,Biolage / Moroccanoil / Aveda,Z:\主线任务2-天眼计划\行业专题研究\行研报告\美容和个人护理-行业研究\美容和个人护理（已处理）\礼品套装\礼品套装竞品分析底表-市场大盘v1.xlsx
功效面部护肤,头发捕捉器,头发护理,头发捕捉器,头发护理,,1077134.39,61852,17,15,2.41452229558839,0,Aussie / amika / Evereden,Z:\主线任务2-天眼计划\行业专题研究\行研报告\美容和个人护理-行业研究\美容和个人护理（已处理）\头发护理\头发护理竞品分析底表-市场大盘v1.xlsx
功效面部护肤,修甲台,护肤与个护,修甲台,沙龙和水疗设备,,1076512.65,12320,408,197,80.69016838771009,0,HolaiNail / BEAUTY CASE / OmySalon,Z:\主线任务2-天眼计划\行业专题研究\行研报告\美容和个人护理-行业研究\美容和个人护理（已处理）\沙龙和水疗设备\沙龙和水疗设备竞品分析底表-市场大盘v1.xlsx
身体/沐浴/除臭,家用清洁工具,护肤与个护,家用清洁工具,沐浴产品,,1016995.55,63069,4,4,68.39,0,MR.SIGA / POLYTE / Full Circle,Z:\主线任务2-天眼计划\行业专题研究\行研报告\家庭和厨房-行业研究\沐浴产品竞品分析底表-市场大盘v1.xlsx
功效面部护肤,其他,头发护理,其他,头发护理,,983915,45011,3,3,0,0,Kerastase / Pantene / Routine Wellness,Z:\主线任务2-天眼计划\行业专题研究\行研报告\美容和个人护理-行业研究\美容和个人护理（已处理）\头发护理\头发护理竞品分析底表-市场大盘v1.xlsx
功效面部护肤,镀锌机,护肤与个护,镀锌机,沙龙和水疗设备,,967677.2,10270,78,56,54.80813023185832,0,INIA / Shark / Dopsikn,Z:\主线任务2-天眼计划\行业专题研究\行研报告\美容和个人护理-行业研究\美容和个人护理（已处理）\沙龙和水疗设备\沙龙和水疗设备竞品分析底表-市场大盘v1.xlsx
功效面部护肤,高频电机,护肤与个护,高频电机,沙龙和水疗设备,,929262.9400000001,10645,119,60,31.72898727673353,0,Pure Daily Care / Youenge / MEDSPALINE,Z:\主线任务2-天眼计划\行业专题研究\行研报告\美容和个人护理-行业研究\美容和个人护理（已处理）\沙龙和水疗设备\沙龙和水疗设备竞品分析底表-市场大盘v1.xlsx
身体/沐浴/除臭,身体护肤品,头发护理,身体护肤品,头发护理,,921671.74,53324,4,4,0,0,everyone for every body / QUEEN OF THE THRONES / Essentially KateS,Z:\主线任务2-天眼计划\行业专题研究\行研报告\美容和个人护理-行业研究\美容和个人护理（已处理）\头发护理\头发护理竞品分析底表-市场大盘v1.xlsx
美容工具/仪器,沙龙和水疗椅,护肤与个护,沙龙和水疗椅,美容工具和配件,,907033.17,944,57,43,40.82747933022119,0,Osaki / Alfine / Megashock,Z:\主线任务2-天眼计划\行业专题研究\行研报告\美容和个人护理-行业研究\美容和个人护理（已处理）\美容工具和配件\美容工具和配件竞品分析底表-市场大盘v1.xlsx
男士剃须/理容,剃须和脱毛产品,剃须和脱毛,剃须和脱毛产品,剃须和脱毛,,904493.13,28856,89,54,34.79337206242793,0,Stylecraft / VGR / Wahl,Z:\主线任务2-天眼计划\行业专题研究\行研报告\美容和个人护理-行业研究\美容和个人护理（已处理）\剃须和脱毛\剃须和脱毛竞品分析底表-市场大盘v1.xlsx
身体/沐浴/除臭,婴儿沐浴用品,皮肤护理,婴儿沐浴用品,皮肤护理,,876844.8899999999,41443,2,2,0,0,Aveeno Baby / ATTITUDE,Z:\主线任务2-天眼计划\行业专题研究\行研报告\美容和个人护理-行业研究\美容和个人护理（已处理）\皮肤护理\皮肤护理竞品分析底表-市场大盘v1.xlsx
身体/沐浴/除臭,纸巾,护肤与个护,纸巾,沐浴产品,,836595,55773,1,1,0,0,Kleenex,Z:\主线任务2-天眼计划\行业专题研究\行研报告\家庭和厨房-行业研究\沐浴产品竞品分析底表-市场大盘v1.xlsx
香水/香氛,其他,香水,其他,香水,,816699.76,16618,31,25,0.7386974131105413,0,ALT. FRAGRANCES / Kerastase / SOL DE JANEIRO,Z:\主线任务2-天眼计划\行业专题研究\行研报告\美容和个人护理-行业研究\美容和个人护理（已处理）\香水\香水竞品分析底表-市场大盘v1.xlsx
功效面部护肤,手持式后视镜,护肤与个护,手持式后视镜,沙龙和水疗设备,,810713.45,86203,240,164,80.82960631774397,0,Gladmart / B Beauty Planet / OMIRO,Z:\主线任务2-天眼计划\行业专题研究\行研报告\美容和个人护理-行业研究\美容和个人护理（已处理）\沙龙和水疗设备\沙龙和水疗设备竞品分析底表-市场大盘v1.xlsx
美容工具/仪器,主页装饰色调,护肤与个护,主页装饰色调,美容工具和配件,,810223.28,57072,4,2,0,0,SOUTHLISA / DEARMINE,Z:\主线任务2-天眼计划\行业专题研究\行研报告\美容和个人护理-行业研究\美容和个人护理（已处理）\美容工具和配件\美容工具和配件竞品分析底表-市场大盘v1.xlsx
洗护/头皮/防脱,婴儿洗发水,头发护理,婴儿洗发水,头发护理,,810181.26,45567,1,1,0,0,Cetaphil,Z:\主线任务2-天眼计划\行业专题研究\行研报告\美容和个人护理-行业研究\美容和个人护理（已处理）\头发护理\头发护理竞品分析底表-市场大盘v1.xlsx
美容工具/仪器,浴室配件,护肤与个护,浴室配件,美容工具和配件,,757806.28,17612,2,2,98.51223719075011,0,Vtopmart / KIBAGA,Z:\主线任务2-天眼计划\行业专题研究\行研报告\美容和个人护理-行业研究\美容和个人护理（已处理）\美容工具和配件\美容工具和配件竞品分析底表-市场大盘v1.xlsx
功效面部护肤,礼品套装,护肤与个护,礼品套装,礼品套装,,756079.63,63799,57,27,79.62299949808197,0,modelones / beetles Gel Polish / SAVILAND,Z:\主线任务2-天眼计划\行业专题研究\行研报告\美容和个人护理-行业研究\美容和个人护理（已处理）\礼品套装\礼品套装竞品分析底表-市场大盘v1.xlsx
身体/沐浴/除臭,婴儿沐浴用品,头发护理,婴儿沐浴用品,头发护理,,739198.0700000001,93633,2,2,0,0,The Honest Company / Evereden,Z:\主线任务2-天眼计划\行业专题研究\行研报告\美容和个人护理-行业研究\美容和个人护理（已处理）\头发护理\头发护理竞品分析底表-市场大盘v1.xlsx
功效面部护肤,头发干燥罩,护肤与个护,头发干燥罩,沙龙和水疗设备,,732992.18,36917,161,122,60.04966655988062,0,Granteva / SISWOW / Leudes,Z:\主线任务2-天眼计划\行业专题研究\行研报告\美容和个人护理-行业研究\美容和个人护理（已处理）\沙龙和水疗设备\沙龙和水疗设备竞品分析底表-市场大盘v1.xlsx
口腔护理,其他,美妆个护综合,其他,口腔护理产品,,730951.98,25099,9,7,14.63783982088673,0,Crest / POSWEENR / JINKOSZEL,Z:\主线任务2-天眼计划\行业专题研究\行研报告\健康与家庭-行业报告 V2.0\健康与家庭底表（已处理）\口腔护理产品\口腔护理产品竞品分析底表-市场大盘v1.xlsx
身体/沐浴/除臭,浴室家具,护肤与个护,浴室家具,沐浴产品,,717949.86,25590,26,23,43.92,0,BAYKA / QEEIG / Alaterre Furniture,Z:\主线任务2-天眼计划\行业专题研究\行研报告\家庭和厨房-行业研究\沐浴产品竞品分析底表-市场大盘v1.xlsx
美容工具/仪器,其他,护肤与个护,其他,美容工具和配件,,689168.68,41129,18,17,42.29002542599585,0,Clark Shaving Co. / TEPOTZ / EcoTools,Z:\主线任务2-天眼计划\行业专题研究\行研报告\美容和个人护理-行业研究\美容和个人护理（已处理）\美容工具和配件\美容工具和配件竞品分析底表-市场大盘v1.xlsx
美容工具/仪器,眼部化妆,护肤与个护,眼部化妆,美容工具和配件,,650888.2,66994,3,2,0,0,L‘Oreal Paris / Luxillia,Z:\主线任务2-天眼计划\行业专题研究\行研报告\美容和个人护理-行业研究\美容和个人护理（已处理）\美容工具和配件\美容工具和配件竞品分析底表-市场大盘v1.xlsx
功效面部护肤,头发护理油,护肤与个护,头发护理油,个人护理产品,,597806.29,34939,1,1,0,0,HERITAGE STORE,Z:\主线任务2-天眼计划\行业专题研究\行研报告\健康与家庭-行业报告 V2.0\健康与家庭底表（已处理）\个人护理产品\个人护理产品竞品分析底表-市场大盘v1.xlsx
功效面部护肤,头发护理油,个人护理,头发护理油,个人护理,,597806.29,34939,1,1,0,0,HERITAGE STORE,Z:\主线任务2-天眼计划\行业专题研究\行研报告\美容和个人护理-行业研究\美容和个人护理（已处理）\个人护理\个人护理竞品分析底表-市场大盘v1.xlsx
功效面部护肤,头发护理油,皮肤护理,头发护理油,皮肤护理,,597806.29,34939,1,1,0,0,HERITAGE STORE,Z:\主线任务2-天眼计划\行业专题研究\行研报告\美容和个人护理-行业研究\美容和个人护理（已处理）\皮肤护理\皮肤护理竞品分析底表-市场大盘v1.xlsx
身体/沐浴/除臭,浴巾套装,护肤与个护,浴巾套装,沐浴产品,,571422.06,23854,4,4,12.46,0,Infinitee Xclusives / White Classic / WSBArt,Z:\主线任务2-天眼计划\行业专题研究\行研报告\家庭和厨房-行业研究\沐浴产品竞品分析底表-市场大盘v1.xlsx
身体/沐浴/除臭,其他,护肤与个护,其他,沐浴产品,,569237.43,32737,18,16,77.11,0,CLEANHOME / Keonjinn / MR.SIGA,Z:\主线任务2-天眼计划\行业专题研究\行研报告\家庭和厨房-行业研究\沐浴产品竞品分析底表-市场大盘v1.xlsx
美容工具/仪器,水疗床和桌子,护肤与个护,水疗床和桌子,美容工具和配件,,547685.09,1019,37,17,46.49096618642658,0,Larnavo / SKINACT / Dir,Z:\主线任务2-天眼计划\行业专题研究\行研报告\美容和个人护理-行业研究\美容和个人护理（已处理）\美容工具和配件\美容工具和配件竞品分析底表-市场大盘v1.xlsx
功效面部护肤,培训负责人,护肤与个护,培训负责人,沙龙和水疗设备,,542932.04,18512,111,68,100,0,HAPOWELL / Headwinn / Neverland Beauty & Health,Z:\主线任务2-天眼计划\行业专题研究\行研报告\美容和个人护理-行业研究\美容和个人护理（已处理）\沙龙和水疗设备\沙龙和水疗设备竞品分析底表-市场大盘v1.xlsx
香水/香氛,香水粉,香水,香水粉,香水,,540073.47,35553,66,32,0,0,Elizabeth Taylor / JerrBear’s / Herb & Root,Z:\主线任务2-天眼计划\行业专题研究\行研报告\美容和个人护理-行业研究\美容和个人护理（已处理）\香水\香水竞品分析底表-市场大盘v1.xlsx
功效面部护肤,急救用品,足部、手部和指甲护理,急救用品,足部、手部和指甲护理,,528400.95,34643,3,3,5.399011867787142,0,Kerasal / SAVILAND / Zanaquick,Z:\主线任务2-天眼计划\行业专题研究\行研报告\美容和个人护理-行业研究\美容和个人护理（已处理）\足部、手部和指甲护理\足部、手部和指甲护理竞品分析底表-市场大盘v1.xlsx
功效面部护肤,患者治疗设备,护肤与个护,患者治疗设备,个人护理产品,,439560,10989,1,1,0,0,Avène,Z:\主线任务2-天眼计划\行业专题研究\行研报告\健康与家庭-行业报告 V2.0\健康与家庭底表（已处理）\个人护理产品\个人护理产品竞品分析底表-市场大盘v1.xlsx
功效面部护肤,患者治疗设备,个人护理,患者治疗设备,个人护理,,439560,10989,1,1,0,0,Avène,Z:\主线任务2-天眼计划\行业专题研究\行研报告\美容和个人护理-行业研究\美容和个人护理（已处理）\个人护理\个人护理竞品分析底表-市场大盘v1.xlsx
功效面部护肤,医用皮肤保护剂和屏障霜,皮肤护理,医用皮肤保护剂和屏障霜,皮肤护理,,439560,10989,1,1,0,0,Avène,Z:\主线任务2-天眼计划\行业专题研究\行研报告\美容和个人护理-行业研究\美容和个人护理（已处理）\皮肤护理\皮肤护理竞品分析底表-市场大盘v1.xlsx
身体/沐浴/除臭,浴室固定装置,护肤与个护,浴室固定装置,沐浴产品,,433730.62,21738,8,8,40.4,0,AquaBliss / LEKEYE / Liyelonda,Z:\主线任务2-天眼计划\行业专题研究\行研报告\家庭和厨房-行业研究\沐浴产品竞品分析底表-市场大盘v1.xlsx
功效面部护肤,唇部护理产品,护肤与个护,唇部护理产品,化妆,,428136.41,25471,3,3,0,0,Summer Fridays / Nature Republic / Burt‘s Bees,Z:\主线任务2-天眼计划\行业专题研究\行研报告\美容和个人护理-行业研究\美容和个人护理（已处理）\化妆\化妆竞品分析底表-市场大盘v1.xlsx
功效面部护肤,非处方药,护肤与个护,非处方药,个人护理产品,,417550.72,47081,4,4,0,0,Tylenol / Eucerin / Wedderspoon,Z:\主线任务2-天眼计划\行业专题研究\行研报告\健康与家庭-行业报告 V2.0\健康与家庭底表（已处理）\个人护理产品\个人护理产品竞品分析底表-市场大盘v1.xlsx
功效面部护肤,非处方药,个人护理,非处方药,个人护理,,417550.72,47081,4,4,0,0,Tylenol / Eucerin / Wedderspoon,Z:\主线任务2-天眼计划\行业专题研究\行研报告\美容和个人护理-行业研究\美容和个人护理（已处理）\个人护理\个人护理竞品分析底表-市场大盘v1.xlsx
男士剃须/理容,其他,剃须和脱毛,其他,剃须和脱毛,,386714.08,17584,8,6,42.83750154636211,0,Clark Shaving Co. / TEPOTZ / Kitsch,Z:\主线任务2-天眼计划\行业专题研究\行研报告\美容和个人护理-行业研究\美容和个人护理（已处理）\剃须和脱毛\剃须和脱毛竞品分析底表-市场大盘v1.xlsx
功效面部护肤,资本支出,护肤与个护,资本支出,沙龙和水疗设备,,363765.35,35076,110,62,75.97090267118625,0,YELEGAI / Betty Dain / Pelocapa,Z:\主线任务2-天眼计划\行业专题研究\行研报告\美容和个人护理-行业研究\美容和个人护理（已处理）\沙龙和水疗设备\沙龙和水疗设备竞品分析底表-市场大盘v1.xlsx
口腔护理,牙科化妆品和修复剂,护肤与个护,牙科化妆品和修复剂,个人护理产品,,358058.73,15484,3,3,0,0,VieBeauti / EASY DENTURE / Colgate,Z:\主线任务2-天眼计划\行业专题研究\行研报告\健康与家庭-行业报告 V2.0\健康与家庭底表（已处理）\个人护理产品\个人护理产品竞品分析底表-市场大盘v1.xlsx
口腔护理,牙科化妆品和修复剂,个人护理,牙科化妆品和修复剂,个人护理,,358058.73,15484,3,3,0,0,VieBeauti / EASY DENTURE / Colgate,Z:\主线任务2-天眼计划\行业专题研究\行研报告\美容和个人护理-行业研究\美容和个人护理（已处理）\个人护理\个人护理竞品分析底表-市场大盘v1.xlsx
香水/香氛,儿童香水,香水,儿童香水,香水,,337483.05,18833,57,35,7.729413373501276,0,JAFRA / Evereden / AIR-VAL INTERNATIONAL,Z:\主线任务2-天眼计划\行业专题研究\行研报告\美容和个人护理-行业研究\美容和个人护理（已处理）\香水\香水竞品分析底表-市场大盘v1.xlsx
功效面部护肤,替代药物产品,皮肤护理,替代药物产品,皮肤护理,,320615.06,11414,3,3,0,0,Cliganic / Sky Organics / LifePro,Z:\主线任务2-天眼计划\行业专题研究\行研报告\美容和个人护理-行业研究\美容和个人护理（已处理）\皮肤护理\皮肤护理竞品分析底表-市场大盘v1.xlsx
功效面部护肤,消化营养补充剂,护肤与个护,消化营养补充剂,个人护理产品,,320539.65,16035,1,1,0,0,BioGaia,Z:\主线任务2-天眼计划\行业专题研究\行研报告\健康与家庭-行业报告 V2.0\健康与家庭底表（已处理）\个人护理产品\个人护理产品竞品分析底表-市场大盘v1.xlsx
功效面部护肤,消化营养补充剂,个人护理,消化营养补充剂,个人护理,,320539.65,16035,1,1,0,0,BioGaia,Z:\主线任务2-天眼计划\行业专题研究\行研报告\美容和个人护理-行业研究\美容和个人护理（已处理）\个人护理\个人护理竞品分析底表-市场大盘v1.xlsx
口腔护理,口腔卫生和预防护理,美妆个护综合,口腔卫生和预防护理,口腔护理产品,,313824.36,9241,1,1,0,0,CloSYS,Z:\主线任务2-天眼计划\行业专题研究\行研报告\健康与家庭-行业报告 V2.0\健康与家庭底表（已处理）\口腔护理产品\口腔护理产品竞品分析底表-市场大盘v1.xlsx
功效面部护肤,缝纫装饰和装饰,足部、手部和指甲护理,缝纫装饰和装饰,足部、手部和指甲护理,,313087.86,40534,5,3,100,0,BEADSLAND / qiipii / Tatiwoo,Z:\主线任务2-天眼计划\行业专题研究\行研报告\美容和个人护理-行业研究\美容和个人护理（已处理）\足部、手部和指甲护理\足部、手部和指甲护理竞品分析底表-市场大盘v1.xlsx
口腔护理,牙科化妆品和修复剂,美妆个护综合,牙科化妆品和修复剂,口腔护理产品,,309553.23,12594,2,2,0,0,VieBeauti / EASY DENTURE,Z:\主线任务2-天眼计划\行业专题研究\行研报告\健康与家庭-行业报告 V2.0\健康与家庭底表（已处理）\口腔护理产品\口腔护理产品竞品分析底表-市场大盘v1.xlsx
彩妆/卸妆,唇部彩妆,护肤与个护,唇部彩妆,个人护理产品,,299606.5,13603,2,2,0,0,LANEIGE / Buxom,Z:\主线任务2-天眼计划\行业专题研究\行研报告\健康与家庭-行业报告 V2.0\健康与家庭底表（已处理）\个人护理产品\个人护理产品竞品分析底表-市场大盘v1.xlsx
彩妆/卸妆,唇部彩妆,个人护理,唇部彩妆,个人护理,,299606.5,13603,2,2,0,0,LANEIGE / Buxom,Z:\主线任务2-天眼计划\行业专题研究\行研报告\美容和个人护理-行业研究\美容和个人护理（已处理）\个人护理\个人护理竞品分析底表-市场大盘v1.xlsx
彩妆/卸妆,唇部彩妆,皮肤护理,唇部彩妆,皮肤护理,,299606.5,13603,2,2,0,0,LANEIGE / Buxom,Z:\主线任务2-天眼计划\行业专题研究\行研报告\美容和个人护理-行业研究\美容和个人护理（已处理）\皮肤护理\皮肤护理竞品分析底表-市场大盘v1.xlsx
功效面部护肤,足部保健产品,足部、手部和指甲护理,足部保健产品,足部、手部和指甲护理,,298934.94,29531,3,3,0,0,Lamisil / Carpe / DeEnti,Z:\主线任务2-天眼计划\行业专题研究\行研报告\美容和个人护理-行业研究\美容和个人护理（已处理）\足部、手部和指甲护理\足部、手部和指甲护理竞品分析底表-市场大盘v1.xlsx
功效面部护肤,替代药物产品,护肤与个护,替代药物产品,个人护理产品,,294366.81,11239,2,2,0,0,Cliganic / Sky Organics,Z:\主线任务2-天眼计划\行业专题研究\行研报告\健康与家庭-行业报告 V2.0\健康与家庭底表（已处理）\个人护理产品\个人护理产品竞品分析底表-市场大盘v1.xlsx
功效面部护肤,替代药物产品,个人护理,替代药物产品,个人护理,,294366.81,11239,2,2,0,0,Cliganic / Sky Organics,Z:\主线任务2-天眼计划\行业专题研究\行研报告\美容和个人护理-行业研究\美容和个人护理（已处理）\个人护理\个人护理竞品分析底表-市场大盘v1.xlsx
功效面部护肤,其他,护肤与个护,其他,沙龙和水疗设备,,244429.9,11904,41,40,73.3797583683502,0,DilaBee / VIRRMO / Hairingrid,Z:\主线任务2-天眼计划\行业专题研究\行研报告\美容和个人护理-行业研究\美容和个人护理（已处理）\沙龙和水疗设备\沙龙和水疗设备竞品分析底表-市场大盘v1.xlsx
功效面部护肤,皮肤护理产品,皮肤护理,皮肤护理产品,皮肤护理,,234143.85,7795,6,5,61.82662068638574,0,LQZ / Alterna / MOVVIYE,Z:\主线任务2-天眼计划\行业专题研究\行研报告\美容和个人护理-行业研究\美容和个人护理（已处理）\皮肤护理\皮肤护理竞品分析底表-市场大盘v1.xlsx
功效面部护肤,毯子和毯子,护肤与个护,毯子和毯子,个人护理产品,,233129.84,6516,3,3,100,0,Wasocol / AHAGIFTREE / Clexela,Z:\主线任务2-天眼计划\行业专题研究\行研报告\健康与家庭-行业报告 V2.0\健康与家庭底表（已处理）\个人护理产品\个人护理产品竞品分析底表-市场大盘v1.xlsx
功效面部护肤,毯子和毯子,个人护理,毯子和毯子,个人护理,,233129.84,6516,3,3,100,0,Wasocol / AHAGIFTREE / Clexela,Z:\主线任务2-天眼计划\行业专题研究\行研报告\美容和个人护理-行业研究\美容和个人护理（已处理）\个人护理\个人护理竞品分析底表-市场大盘v1.xlsx
功效面部护肤,毯子和毯子,皮肤护理,毯子和毯子,皮肤护理,,233129.84,6516,3,3,100,0,Wasocol / AHAGIFTREE / Clexela,Z:\主线任务2-天眼计划\行业专题研究\行研报告\美容和个人护理-行业研究\美容和个人护理（已处理）\皮肤护理\皮肤护理竞品分析底表-市场大盘v1.xlsx
美容工具/仪器,皮肤护理工具,护肤与个护,皮肤护理工具,个人护理产品,,233078.73,18668,2,2,0,0,The Beard Club / iRestore,Z:\主线任务2-天眼计划\行业专题研究\行研报告\健康与家庭-行业报告 V2.0\健康与家庭底表（已处理）\个人护理产品\个人护理产品竞品分析底表-市场大盘v1.xlsx
美容工具/仪器,皮肤护理工具,个人护理,皮肤护理工具,个人护理,,233078.73,18668,2,2,0,0,The Beard Club / iRestore,Z:\主线任务2-天眼计划\行业专题研究\行研报告\美容和个人护理-行业研究\美容和个人护理（已处理）\个人护理\个人护理竞品分析底表-市场大盘v1.xlsx
美容工具/仪器,镀锌机,护肤与个护,镀锌机,美容工具和配件,,230052,2738,2,2,6.148609879505504,0,REVOMADIC / Mecavie,Z:\主线任务2-天眼计划\行业专题研究\行研报告\美容和个人护理-行业研究\美容和个人护理（已处理）\美容工具和配件\美容工具和配件竞品分析底表-市场大盘v1.xlsx
身体/沐浴/除臭,婴儿沐浴用品,护肤与个护,婴儿沐浴用品,沐浴产品,,224799.89,10499,3,3,0,0,Franco / Burt’s Bees Baby / ORIGINAL KIDS,Z:\主线任务2-天眼计划\行业专题研究\行研报告\家庭和厨房-行业研究\沐浴产品竞品分析底表-市场大盘v1.xlsx
美容工具/仪器,面部皮肤护理产品,护肤与个护,面部皮肤护理产品,美容工具和配件,,220031.25,17007,4,4,58.49390484306206,0,LANBENA / SATIN SMOOTH / Lexi White Beauty,Z:\主线任务2-天眼计划\行业专题研究\行研报告\美容和个人护理-行业研究\美容和个人护理（已处理）\美容工具和配件\美容工具和配件竞品分析底表-市场大盘v1.xlsx
功效面部护肤,阳光皮肤护理,护肤与个护,阳光皮肤护理,化妆,,213339.82,17593,2,2,0,0,Sally Hansen / Andalou Naturals,Z:\主线任务2-天眼计划\行业专题研究\行研报告\美容和个人护理-行业研究\美容和个人护理（已处理）\化妆\化妆竞品分析底表-市场大盘v1.xlsx
功效面部护肤,女式配饰,头发护理,女式配饰,头发护理,,199557.65,18435,2,1,100,0,HSEM,Z:\主线任务2-天眼计划\行业专题研究\行研报告\美容和个人护理-行业研究\美容和个人护理（已处理）\头发护理\头发护理竞品分析底表-市场大盘v1.xlsx
功效面部护肤,阳光皮肤护理,足部、手部和指甲护理,阳光皮肤护理,足部、手部和指甲护理,,196868.06,16769,1,1,0,0,Sally Hansen,Z:\主线任务2-天眼计划\行业专题研究\行研报告\美容和个人护理-行业研究\美容和个人护理（已处理）\足部、手部和指甲护理\足部、手部和指甲护理竞品分析底表-市场大盘v1.xlsx
功效面部护肤,眼部护理产品,护肤与个护,眼部护理产品,化妆,,193605.59,7813,3,3,0,0,BABE ORIGINAL / LUMIFY / The Eye Doctor,Z:\主线任务2-天眼计划\行业专题研究\行研报告\美容和个人护理-行业研究\美容和个人护理（已处理）\化妆\化妆竞品分析底表-市场大盘v1.xlsx
身体/沐浴/除臭,身体护肤品,足部、手部和指甲护理,身体护肤品,足部、手部和指甲护理,,193400.5,31840,2,2,0,0,Cleancult / Tree Hut,Z:\主线任务2-天眼计划\行业专题研究\行研报告\美容和个人护理-行业研究\美容和个人护理（已处理）\足部、手部和指甲护理\足部、手部和指甲护理竞品分析底表-市场大盘v1.xlsx
男士剃须/理容,皮肤护理工具,剃须和脱毛,皮肤护理工具,剃须和脱毛,,190730.37,20413,2,1,0,0,The Beard Club,Z:\主线任务2-天眼计划\行业专题研究\行研报告\美容和个人护理-行业研究\美容和个人护理（已处理）\剃须和脱毛\剃须和脱毛竞品分析底表-市场大盘v1.xlsx
功效面部护肤,非处方药,皮肤护理,非处方药,皮肤护理,,185502.38,17522,2,2,0,0,Eucerin / e11ement,Z:\主线任务2-天眼计划\行业专题研究\行研报告\美容和个人护理-行业研究\美容和个人护理（已处理）\皮肤护理\皮肤护理竞品分析底表-市场大盘v1.xlsx
男士剃须/理容,身体护肤品,剃须和脱毛,身体护肤品,剃须和脱毛,,179197,21082,1,1,0,0,NOW Foods,Z:\主线任务2-天眼计划\行业专题研究\行研报告\美容和个人护理-行业研究\美容和个人护理（已处理）\剃须和脱毛\剃须和脱毛竞品分析底表-市场大盘v1.xlsx
身体/沐浴/除臭,身体化妆,护肤与个护,身体化妆,个人护理产品,,177553.74,16926,1,1,0,0,Australian Gold,Z:\主线任务2-天眼计划\行业专题研究\行研报告\健康与家庭-行业报告 V2.0\健康与家庭底表（已处理）\个人护理产品\个人护理产品竞品分析底表-市场大盘v1.xlsx
身体/沐浴/除臭,身体化妆,个人护理,身体化妆,个人护理,,177553.74,16926,1,1,0,0,Australian Gold,Z:\主线任务2-天眼计划\行业专题研究\行研报告\美容和个人护理-行业研究\美容和个人护理（已处理）\个人护理\个人护理竞品分析底表-市场大盘v1.xlsx
身体/沐浴/除臭,身体化妆,皮肤护理,身体化妆,皮肤护理,,177553.74,16926,1,1,0,0,Australian Gold,Z:\主线任务2-天眼计划\行业专题研究\行研报告\美容和个人护理-行业研究\美容和个人护理（已处理）\皮肤护理\皮肤护理竞品分析底表-市场大盘v1.xlsx
身体/沐浴/除臭,窗户处理硬件,护肤与个护,窗户处理硬件,沐浴产品,,168385.32,13188,4,3,100,0,QINGYUN / MEXAU / ZipGlo,Z:\主线任务2-天眼计划\行业专题研究\行研报告\家庭和厨房-行业研究\沐浴产品竞品分析底表-市场大盘v1.xlsx
功效面部护肤,艺术绘图用品,护肤与个护,艺术绘图用品,化妆,,143106,3111,1,1,0,0,Kuretake,Z:\主线任务2-天眼计划\行业专题研究\行研报告\美容和个人护理-行业研究\美容和个人护理（已处理）\化妆\化妆竞品分析底表-市场大盘v1.xlsx
功效面部护肤,杯子、杯子和油炸锅,护肤与个护,杯子、杯子和油炸锅,个人护理产品,,138765.3,3470,1,1,100,0,Lepiche,Z:\主线任务2-天眼计划\行业专题研究\行研报告\健康与家庭-行业报告 V2.0\健康与家庭底表（已处理）\个人护理产品\个人护理产品竞品分析底表-市场大盘v1.xlsx
功效面部护肤,杯子、杯子和油炸锅,个人护理,杯子、杯子和油炸锅,个人护理,,138765.3,3470,1,1,100,0,Lepiche,Z:\主线任务2-天眼计划\行业专题研究\行研报告\美容和个人护理-行业研究\美容和个人护理（已处理）\个人护理\个人护理竞品分析底表-市场大盘v1.xlsx
功效面部护肤,杯子、杯子和油炸锅,皮肤护理,杯子、杯子和油炸锅,皮肤护理,,138765.3,3470,1,1,100,0,Lepiche,Z:\主线任务2-天眼计划\行业专题研究\行研报告\美容和个人护理-行业研究\美容和个人护理（已处理）\皮肤护理\皮肤护理竞品分析底表-市场大盘v1.xlsx
身体/沐浴/除臭,卫生间训练座椅,护肤与个护,卫生间训练座椅,沐浴产品,,134457.07,1793,1,1,100,0,1M,Z:\主线任务2-天眼计划\行业专题研究\行研报告\家庭和厨房-行业研究\沐浴产品竞品分析底表-市场大盘v1.xlsx
功效面部护肤,足部和手部护理,护肤与个护,足部和手部护理,个人护理产品,,133894.53,7347,2,2,0,0,Carpe / SpaLife,Z:\主线任务2-天眼计划\行业专题研究\行研报告\健康与家庭-行业报告 V2.0\健康与家庭底表（已处理）\个人护理产品\个人护理产品竞品分析底表-市场大盘v1.xlsx
功效面部护肤,足部和手部护理,个人护理,足部和手部护理,个人护理,,133894.53,7347,2,2,0,0,Carpe / SpaLife,Z:\主线任务2-天眼计划\行业专题研究\行研报告\美容和个人护理-行业研究\美容和个人护理（已处理）\个人护理\个人护理竞品分析底表-市场大盘v1.xlsx
身体/沐浴/除臭,商业卫生间固定装置,护肤与个护,商业卫生间固定装置,沐浴产品,,133621.53,7369,4,3,5.93,0,Day Moon Designs / XLERATOR / modunful,Z:\主线任务2-天眼计划\行业专题研究\行研报告\家庭和厨房-行业研究\沐浴产品竞品分析底表-市场大盘v1.xlsx
功效面部护肤,主页装饰色调,美妆个护综合,主页装饰色调,手工美容与仪容,,127613.76,9824,2,1,0,0,DEARMINE,Z:\主线任务2-天眼计划\行业专题研究\行研报告\手工制品-行业研究\手工美容与仪容竞品分析底表-市场大盘v1.xlsx
香水/香氛,除臭剂和止汗剂,香水,除臭剂和止汗剂,香水,,127343.62,5179,2,2,0,0,Mando / Calvin Klein,Z:\主线任务2-天眼计划\行业专题研究\行研报告\美容和个人护理-行业研究\美容和个人护理（已处理）\香水\香水竞品分析底表-市场大盘v1.xlsx
功效面部护肤,女性护理,护肤与个护,女性护理,个人护理产品,,126637.2,12130,1,1,0,0,Vagisil,Z:\主线任务2-天眼计划\行业专题研究\行研报告\健康与家庭-行业报告 V2.0\健康与家庭底表（已处理）\个人护理产品\个人护理产品竞品分析底表-市场大盘v1.xlsx
功效面部护肤,女性护理,个人护理,女性护理,个人护理,,126637.2,12130,1,1,0,0,Vagisil,Z:\主线任务2-天眼计划\行业专题研究\行研报告\美容和个人护理-行业研究\美容和个人护理（已处理）\个人护理\个人护理竞品分析底表-市场大盘v1.xlsx
功效面部护肤,浴缸和浴室配件,足部、手部和指甲护理,浴缸和浴室配件,足部、手部和指甲护理,,126499.27,5273,1,1,0,0,Earthborn Elements,Z:\主线任务2-天眼计划\行业专题研究\行研报告\美容和个人护理-行业研究\美容和个人护理（已处理）\足部、手部和指甲护理\足部、手部和指甲护理竞品分析底表-市场大盘v1.xlsx
美容工具/仪器,皮肤护理工具,皮肤护理,皮肤护理工具,皮肤护理,,125428.69,2726,3,3,18.10482115375677,0,iRestore / Mayena Sports / CYSSUS,Z:\主线任务2-天眼计划\行业专题研究\行研报告\美容和个人护理-行业研究\美容和个人护理（已处理）\皮肤护理\皮肤护理竞品分析底表-市场大盘v1.xlsx
功效面部护肤,皮肤护理产品,护肤与个护,皮肤护理产品,礼品套装,,124206.38,5067,42,34,1.17721005957987,0,Mary Kay / Comfort Zone / Bath & Body Works,Z:\主线任务2-天眼计划\行业专题研究\行研报告\美容和个人护理-行业研究\美容和个人护理（已处理）\礼品套装\礼品套装竞品分析底表-市场大盘v1.xlsx
功效面部护肤,耳朵护理产品,护肤与个护,耳朵护理产品,个人护理产品,,120128,3889,2,2,100,0,Auectfy / KAUGIC,Z:\主线任务2-天眼计划\行业专题研究\行研报告\健康与家庭-行业报告 V2.0\健康与家庭底表（已处理）\个人护理产品\个人护理产品竞品分析底表-市场大盘v1.xlsx
功效面部护肤,耳朵护理产品,个人护理,耳朵护理产品,个人护理,,120128,3889,2,2,100,0,Auectfy / KAUGIC,Z:\主线任务2-天眼计划\行业专题研究\行研报告\美容和个人护理-行业研究\美容和个人护理（已处理）\个人护理\个人护理竞品分析底表-市场大盘v1.xlsx
身体/沐浴/除臭,商用清洁工具,护肤与个护,商用清洁工具,沐浴产品,,119730.15,11985,1,1,100,0,ALFLOD,Z:\主线任务2-天眼计划\行业专题研究\行研报告\家庭和厨房-行业研究\沐浴产品竞品分析底表-市场大盘v1.xlsx
香水/香氛,发香,香水,发香,香水,,117018.69,5550,3,3,0,0,Moroccanoil / Ua Body / Le Monde Gourmand,Z:\主线任务2-天眼计划\行业专题研究\行研报告\美容和个人护理-行业研究\美容和个人护理（已处理）\香水\香水竞品分析底表-市场大盘v1.xlsx
身体/沐浴/除臭,工作场所急救包,护肤与个护,工作场所急救包,沐浴产品,,116719.1,538,1,1,0,0,UniShield,Z:\主线任务2-天眼计划\行业专题研究\行研报告\家庭和厨房-行业研究\沐浴产品竞品分析底表-市场大盘v1.xlsx
美容工具/仪器,按摩工具和设备,护肤与个护,按摩工具和设备,沙龙和水疗设备,,110522.42,308,3,3,100,0,NAGLIFOR / VGY / Sunnymove,Z:\主线任务2-天眼计划\行业专题研究\行研报告\美容和个人护理-行业研究\美容和个人护理（已处理）\沙龙和水疗设备\沙龙和水疗设备竞品分析底表-市场大盘v1.xlsx
功效面部护肤,穿孔和纹身用品,皮肤护理,穿孔和纹身用品,皮肤护理,,106002,5889,1,1,0,0,Fur,Z:\主线任务2-天眼计划\行业专题研究\行研报告\美容和个人护理-行业研究\美容和个人护理（已处理）\皮肤护理\皮肤护理竞品分析底表-市场大盘v1.xlsx
功效面部护肤,发型产品,护肤与个护,发型产品,个人护理产品,,103137,3327,1,1,0,0,Amika,Z:\主线任务2-天眼计划\行业专题研究\行研报告\健康与家庭-行业报告 V2.0\健康与家庭底表（已处理）\个人护理产品\个人护理产品竞品分析底表-市场大盘v1.xlsx
功效面部护肤,发型产品,个人护理,发型产品,个人护理,,103137,3327,1,1,0,0,Amika,Z:\主线任务2-天眼计划\行业专题研究\行研报告\美容和个人护理-行业研究\美容和个人护理（已处理）\个人护理\个人护理竞品分析底表-市场大盘v1.xlsx
功效面部护肤,发型产品,皮肤护理,发型产品,皮肤护理,,103137,3327,1,1,0,0,Amika,Z:\主线任务2-天眼计划\行业专题研究\行研报告\美容和个人护理-行业研究\美容和个人护理（已处理）\皮肤护理\皮肤护理竞品分析底表-市场大盘v1.xlsx
功效面部护肤,个人护理产品,护肤与个护,个人护理产品,礼品套装,,102584.66,6376,27,18,48.79156396287711,0,Aofmee / nakd. Thai Crystal Deodorant / Glister,Z:\主线任务2-天眼计划\行业专题研究\行研报告\美容和个人护理-行业研究\美容和个人护理（已处理）\礼品套装\礼品套装竞品分析底表-市场大盘v1.xlsx
功效面部护肤,零售人体模型,护肤与个护,零售人体模型,沙龙和水疗设备,,102151.7,3714,4,4,100,0,Opini / HAIRGINKGO / sirydtm,Z:\主线任务2-天眼计划\行业专题研究\行研报告\美容和个人护理-行业研究\美容和个人护理（已处理）\沙龙和水疗设备\沙龙和水疗设备竞品分析底表-市场大盘v1.xlsx
功效面部护肤,急救用品,护肤与个护,急救用品,个人护理产品,,101626,3416,1,1,0,0,CorneaCare,Z:\主线任务2-天眼计划\行业专题研究\行研报告\健康与家庭-行业报告 V2.0\健康与家庭底表（已处理）\个人护理产品\个人护理产品竞品分析底表-市场大盘v1.xlsx
功效面部护肤,急救用品,个人护理,急救用品,个人护理,,101626,3416,1,1,0,0,CorneaCare,Z:\主线任务2-天眼计划\行业专题研究\行研报告\美容和个人护理-行业研究\美容和个人护理（已处理）\个人护理\个人护理竞品分析底表-市场大盘v1.xlsx
功效面部护肤,急救用品,皮肤护理,急救用品,皮肤护理,,101626,3416,1,1,0,0,CorneaCare,Z:\主线任务2-天眼计划\行业专题研究\行研报告\美容和个人护理-行业研究\美容和个人护理（已处理）\皮肤护理\皮肤护理竞品分析底表-市场大盘v1.xlsx
功效面部护肤,化妆,护肤与个护,化妆,礼品套装,,99711.79,3813,31,19,1.363920956588985,0,Benefit / MAC / Mary Kay,Z:\主线任务2-天眼计划\行业专题研究\行研报告\美容和个人护理-行业研究\美容和个人护理（已处理）\礼品套装\礼品套装竞品分析底表-市场大盘v1.xlsx
身体/沐浴/除臭,身体护肤品,美妆个护综合,身体护肤品,手工美容与仪容,,99037.56,4044,1,1,0,0,Wrath & Remedy,Z:\主线任务2-天眼计划\行业专题研究\行研报告\手工制品-行业研究\手工美容与仪容竞品分析底表-市场大盘v1.xlsx
功效面部护肤,眼部化妆,护肤与个护,眼部化妆,个人护理产品,,96950.75,6485,1,1,0,0,VieBeauti,Z:\主线任务2-天眼计划\行业专题研究\行研报告\健康与家庭-行业报告 V2.0\健康与家庭底表（已处理）\个人护理产品\个人护理产品竞品分析底表-市场大盘v1.xlsx
功效面部护肤,眼部化妆,个人护理,眼部化妆,个人护理,,96950.75,6485,1,1,0,0,VieBeauti,Z:\主线任务2-天眼计划\行业专题研究\行研报告\美容和个人护理-行业研究\美容和个人护理（已处理）\个人护理\个人护理竞品分析底表-市场大盘v1.xlsx
功效面部护肤,眼部化妆,皮肤护理,眼部化妆,皮肤护理,,96950.75,6485,1,1,0,0,VieBeauti,Z:\主线任务2-天眼计划\行业专题研究\行研报告\美容和个人护理-行业研究\美容和个人护理（已处理）\皮肤护理\皮肤护理竞品分析底表-市场大盘v1.xlsx
身体/沐浴/除臭,主页装饰色调,护肤与个护,主页装饰色调,沐浴产品,,95807.24,1466,3,3,100,0,Marsmiles / KOKOSIRI / Z metnal,Z:\主线任务2-天眼计划\行业专题研究\行研报告\家庭和厨房-行业研究\沐浴产品竞品分析底表-市场大盘v1.xlsx
口腔护理,口腔护理产品,美妆个护综合,口腔护理产品,口腔护理产品,,95574.75,5694,9,9,40.10086346027585,0,Hyperbiotics / VENUECO / Instant Smile,Z:\主线任务2-天眼计划\行业专题研究\行研报告\健康与家庭-行业报告 V2.0\健康与家庭底表（已处理）\口腔护理产品\口腔护理产品竞品分析底表-市场大盘v1.xlsx
口腔护理,非处方药,美妆个护综合,非处方药,口腔护理产品,,94616.15,7295,1,1,0,0,Tylenol,Z:\主线任务2-天眼计划\行业专题研究\行研报告\健康与家庭-行业报告 V2.0\健康与家庭底表（已处理）\口腔护理产品\口腔护理产品竞品分析底表-市场大盘v1.xlsx
美容工具/仪器,发型配饰,护肤与个护,发型配饰,美容工具和配件,,93409.65,4535,2,2,100,0,GB Selected / Heniho,Z:\主线任务2-天眼计划\行业专题研究\行研报告\美容和个人护理-行业研究\美容和个人护理（已处理）\美容工具和配件\美容工具和配件竞品分析底表-市场大盘v1.xlsx
香水/香氛,替代药物产品,香水,替代药物产品,香水,,89367.3,18054,1,1,0,0,Al-Rehab,Z:\主线任务2-天眼计划\行业专题研究\行研报告\美容和个人护理-行业研究\美容和个人护理（已处理）\香水\香水竞品分析底表-市场大盘v1.xlsx
男士剃须/理容,男士剃须和脱毛产品,香水,男士剃须和脱毛产品,香水,,88361.55,8845,1,1,0,0,L3,Z:\主线任务2-天眼计划\行业专题研究\行研报告\美容和个人护理-行业研究\美容和个人护理（已处理）\香水\香水竞品分析底表-市场大盘v1.xlsx
功效面部护肤,团队体育,头发护理,团队体育,头发护理,,86733.95,5105,2,1,0,0,Lizard Skins,Z:\主线任务2-天眼计划\行业专题研究\行研报告\美容和个人护理-行业研究\美容和个人护理（已处理）\头发护理\头发护理竞品分析底表-市场大盘v1.xlsx
男士剃须/理容,造型工具和设备,剃须和脱毛,造型工具和设备,剃须和脱毛,,84171.29000000001,3388,2,2,0,0,KENT / Aberlite,Z:\主线任务2-天眼计划\行业专题研究\行研报告\美容和个人护理-行业研究\美容和个人护理（已处理）\剃须和脱毛\剃须和脱毛竞品分析底表-市场大盘v1.xlsx
造型工具/吹风,造型工具和设备,护肤与个护,造型工具和设备,美容工具和配件,,84171.29000000001,3388,2,2,0,0,KENT / Aberlite,Z:\主线任务2-天眼计划\行业专题研究\行研报告\美容和个人护理-行业研究\美容和个人护理（已处理）\美容工具和配件\美容工具和配件竞品分析底表-市场大盘v1.xlsx
功效面部护肤,狗狗美容用品,头发护理,狗狗美容用品,头发护理,,83944.85,5263,1,1,0,0,CHI,Z:\主线任务2-天眼计划\行业专题研究\行研报告\美容和个人护理-行业研究\美容和个人护理（已处理）\头发护理\头发护理竞品分析底表-市场大盘v1.xlsx
身体/沐浴/除臭,洗碗布和洗碗巾,护肤与个护,洗碗布和洗碗巾,沐浴产品,,81102.04,5636,1,1,100,0,RECYCO,Z:\主线任务2-天眼计划\行业专题研究\行研报告\家庭和厨房-行业研究\沐浴产品竞品分析底表-市场大盘v1.xlsx
功效面部护肤,其他,足部、手部和指甲护理,其他,足部、手部和指甲护理,,80737.89,9900,4,2,100,0,Worthofbest / SAVILAND,Z:\主线任务2-天眼计划\行业专题研究\行研报告\美容和个人护理-行业研究\美容和个人护理（已处理）\足部、手部和指甲护理\足部、手部和指甲护理竞品分析底表-市场大盘v1.xlsx
功效面部护肤,发型配饰,护肤与个护,发型配饰,个人护理产品,,80142.93,3207,1,1,100,0,GB Selected,Z:\主线任务2-天眼计划\行业专题研究\行研报告\健康与家庭-行业报告 V2.0\健康与家庭底表（已处理）\个人护理产品\个人护理产品竞品分析底表-市场大盘v1.xlsx
功效面部护肤,发型配饰,个人护理,发型配饰,个人护理,,80142.93,3207,1,1,100,0,GB Selected,Z:\主线任务2-天眼计划\行业专题研究\行研报告\美容和个人护理-行业研究\美容和个人护理（已处理）\个人护理\个人护理竞品分析底表-市场大盘v1.xlsx
功效面部护肤,眼部化妆,头发护理,眼部化妆,头发护理,,79683.43,2657,1,1,0,0,Menela,Z:\主线任务2-天眼计划\行业专题研究\行研报告\美容和个人护理-行业研究\美容和个人护理（已处理）\头发护理\头发护理竞品分析底表-市场大盘v1.xlsx
功效面部护肤,女孩配饰,护肤与个护,女孩配饰,个人护理产品,,77941.01,3899,1,1,0,0,BABY SUNNIES,Z:\主线任务2-天眼计划\行业专题研究\行研报告\健康与家庭-行业报告 V2.0\健康与家庭底表（已处理）\个人护理产品\个人护理产品竞品分析底表-市场大盘v1.xlsx
功效面部护肤,女孩配饰,个人护理,女孩配饰,个人护理,,77941.01,3899,1,1,0,0,BABY SUNNIES,Z:\主线任务2-天眼计划\行业专题研究\行研报告\美容和个人护理-行业研究\美容和个人护理（已处理）\个人护理\个人护理竞品分析底表-市场大盘v1.xlsx
功效面部护肤,女孩配饰,皮肤护理,女孩配饰,皮肤护理,,77941.01,3899,1,1,0,0,BABY SUNNIES,Z:\主线任务2-天眼计划\行业专题研究\行研报告\美容和个人护理-行业研究\美容和个人护理（已处理）\皮肤护理\皮肤护理竞品分析底表-市场大盘v1.xlsx
功效面部护肤,移动和日常生活辅助设备,足部、手部和指甲护理,移动和日常生活辅助设备,足部、手部和指甲护理,,76693.12,9044,1,1,0,0,Dr. Scholl’s,Z:\主线任务2-天眼计划\行业专题研究\行研报告\美容和个人护理-行业研究\美容和个人护理（已处理）\足部、手部和指甲护理\足部、手部和指甲护理竞品分析底表-市场大盘v1.xlsx
功效面部护肤,其他,护肤与个护,其他,化妆,,74952.05,2917,4,4,0,0,LUXAZA / MORPHE / billion dollar brows,Z:\主线任务2-天眼计划\行业专题研究\行研报告\美容和个人护理-行业研究\美容和个人护理（已处理）\化妆\化妆竞品分析底表-市场大盘v1.xlsx
功效面部护肤,女式珠宝,护肤与个护,女式珠宝,个人护理产品,,73230.3,12870,1,1,100,0,GEMQUEEN,Z:\主线任务2-天眼计划\行业专题研究\行研报告\健康与家庭-行业报告 V2.0\健康与家庭底表（已处理）\个人护理产品\个人护理产品竞品分析底表-市场大盘v1.xlsx
功效面部护肤,女式珠宝,个人护理,女式珠宝,个人护理,,73230.3,12870,1,1,100,0,GEMQUEEN,Z:\主线任务2-天眼计划\行业专题研究\行研报告\美容和个人护理-行业研究\美容和个人护理（已处理）\个人护理\个人护理竞品分析底表-市场大盘v1.xlsx
美容工具/仪器,理发工具,护肤与个护,理发工具,美容工具和配件,,72371.29,3631,2,2,0,0,MANSCAPED / ONTAKI,Z:\主线任务2-天眼计划\行业专题研究\行研报告\美容和个人护理-行业研究\美容和个人护理（已处理）\美容工具和配件\美容工具和配件竞品分析底表-市场大盘v1.xlsx
身体/沐浴/除臭,浴室五金件,护肤与个护,浴室五金件,沐浴产品,,70194.89,6166,3,3,24.76,0,Qualihome / VOLPONE / KES,Z:\主线任务2-天眼计划\行业专题研究\行研报告\家庭和厨房-行业研究\沐浴产品竞品分析底表-市场大盘v1.xlsx
口腔护理,牙科敏感性治疗,美妆个护综合,牙科敏感性治疗,口腔护理产品,,69839.77,2099,5,4,0,0,Bliss Energetics / Perio Protect / AURAGLOW,Z:\主线任务2-天眼计划\行业专题研究\行研报告\健康与家庭-行业报告 V2.0\健康与家庭底表（已处理）\口腔护理产品\口腔护理产品竞品分析底表-市场大盘v1.xlsx
美容工具/仪器,眼部护理产品,护肤与个护,眼部护理产品,美容工具和配件,,68766.59999999999,4256,3,3,40.2148717546018,0,Wrinkles Schminkles / CONBELLA / Chillojos,Z:\主线任务2-天眼计划\行业专题研究\行研报告\美容和个人护理-行业研究\美容和个人护理（已处理）\美容工具和配件\美容工具和配件竞品分析底表-市场大盘v1.xlsx
身体/沐浴/除臭,家用清洁刷,护肤与个护,家用清洁刷,沐浴产品,,67542.12,5148,2,2,67.9,0,MR.SIGA / OXO,Z:\主线任务2-天眼计划\行业专题研究\行研报告\家庭和厨房-行业研究\沐浴产品竞品分析底表-市场大盘v1.xlsx
美容工具/仪器,皮肤护理工具,护肤与个护,皮肤护理工具,沙龙和水疗设备,,66782.78,1125,2,2,6.312675213580507,0,REVOMADIC / TLINNA,Z:\主线任务2-天眼计划\行业专题研究\行研报告\美容和个人护理-行业研究\美容和个人护理（已处理）\沙龙和水疗设备\沙龙和水疗设备竞品分析底表-市场大盘v1.xlsx
身体/沐浴/除臭,婴儿润肤露,皮肤护理,婴儿润肤露,皮肤护理,,66323.61,6639,1,1,0,0,Baby Magic,Z:\主线任务2-天眼计划\行业专题研究\行研报告\美容和个人护理-行业研究\美容和个人护理（已处理）\皮肤护理\皮肤护理竞品分析底表-市场大盘v1.xlsx
美容工具/仪器,专业按摩设备,护肤与个护,专业按摩设备,美容工具和配件,,66170.23,1277,4,4,70.12966404983027,0,Arkwright LLC / Crablux / DeerDean,Z:\主线任务2-天眼计划\行业专题研究\行研报告\美容和个人护理-行业研究\美容和个人护理（已处理）\美容工具和配件\美容工具和配件竞品分析底表-市场大盘v1.xlsx
功效面部护肤,商用地板垫和床垫,护肤与个护,商用地板垫和床垫,沙龙和水疗设备,,64884.89,911,2,1,0,0,Saloniture,Z:\主线任务2-天眼计划\行业专题研究\行研报告\美容和个人护理-行业研究\美容和个人护理（已处理）\沙龙和水疗设备\沙龙和水疗设备竞品分析底表-市场大盘v1.xlsx
功效面部护肤,女鞋,足部、手部和指甲护理,女鞋,足部、手部和指甲护理,,63698.05,2795,1,1,100,0,Haifago,Z:\主线任务2-天眼计划\行业专题研究\行研报告\美容和个人护理-行业研究\美容和个人护理（已处理）\足部、手部和指甲护理\足部、手部和指甲护理竞品分析底表-市场大盘v1.xlsx
美容工具/仪器,手、脚和指甲工具,护肤与个护,手、脚和指甲工具,沙龙和水疗设备,,63688.17,3983,1,1,0,0,ForPro Professional Collection,Z:\主线任务2-天眼计划\行业专题研究\行研报告\美容和个人护理-行业研究\美容和个人护理（已处理）\沙龙和水疗设备\沙龙和水疗设备竞品分析底表-市场大盘v1.xlsx
男士剃须/理容,面部皮肤护理产品,剃须和脱毛,面部皮肤护理产品,剃须和脱毛,,61658.93,5599,3,2,0,0,SATIN SMOOTH / Ouiloe,Z:\主线任务2-天眼计划\行业专题研究\行研报告\美容和个人护理-行业研究\美容和个人护理（已处理）\剃须和脱毛\剃须和脱毛竞品分析底表-市场大盘v1.xlsx
功效面部护肤,足部和手部护理,皮肤护理,足部和手部护理,皮肤护理,,60429.77,3023,1,1,0,0,SpaLife,Z:\主线任务2-天眼计划\行业专题研究\行研报告\美容和个人护理-行业研究\美容和个人护理（已处理）\皮肤护理\皮肤护理竞品分析底表-市场大盘v1.xlsx
身体/沐浴/除臭,洗衣储存产品,护肤与个护,洗衣储存产品,沐浴产品,,60228.29,2771,2,2,100,0,Vtopmart / POLRAI,Z:\主线任务2-天眼计划\行业专题研究\行研报告\家庭和厨房-行业研究\沐浴产品竞品分析底表-市场大盘v1.xlsx
功效面部护肤,头发延伸、假发和配件,护肤与个护,头发延伸、假发和配件,沙龙和水疗设备,,57645.09,2405,4,4,29.23095444902593,0,Laflare / Neverland Beauty & Health / simnient,Z:\主线任务2-天眼计划\行业专题研究\行研报告\美容和个人护理-行业研究\美容和个人护理（已处理）\沙龙和水疗设备\沙龙和水疗设备竞品分析底表-市场大盘v1.xlsx
造型工具/吹风,造型工具和设备,护肤与个护,造型工具和设备,沙龙和水疗设备,,57555.50999999999,3149,3,3,100,0,KarSyon / LEFOR·Z / Leudes,Z:\主线任务2-天眼计划\行业专题研究\行研报告\美容和个人护理-行业研究\美容和个人护理（已处理）\沙龙和水疗设备\沙龙和水疗设备竞品分析底表-市场大盘v1.xlsx
功效面部护肤,女婴发饰,头发护理,女婴发饰,头发护理,,55811.7,5906,1,1,0,0,CÉLLOT,Z:\主线任务2-天眼计划\行业专题研究\行研报告\美容和个人护理-行业研究\美容和个人护理（已处理）\头发护理\头发护理竞品分析底表-市场大盘v1.xlsx
身体/沐浴/除臭,身体护肤品,护肤与个护,身体护肤品,美容工具和配件,,55062.69,4731,2,2,81.11715936871228,0,CAVEEM / BERGMAN KELLY,Z:\主线任务2-天眼计划\行业专题研究\行研报告\美容和个人护理-行业研究\美容和个人护理（已处理）\美容工具和配件\美容工具和配件竞品分析底表-市场大盘v1.xlsx
男士剃须/理容,男士配饰,护肤与个护,男士配饰,个人护理产品,,52617.33,5267,1,1,100,0,ForceWave,Z:\主线任务2-天眼计划\行业专题研究\行研报告\健康与家庭-行业报告 V2.0\健康与家庭底表（已处理）\个人护理产品\个人护理产品竞品分析底表-市场大盘v1.xlsx
男士剃须/理容,男士配饰,个人护理,男士配饰,个人护理,,52617.33,5267,1,1,100,0,ForceWave,Z:\主线任务2-天眼计划\行业专题研究\行研报告\美容和个人护理-行业研究\美容和个人护理（已处理）\个人护理\个人护理竞品分析底表-市场大盘v1.xlsx
男士剃须/理容,男士配饰,护肤与个护,男士配饰,美容工具和配件,,52617.33,5267,1,1,100,0,ForceWave,Z:\主线任务2-天眼计划\行业专题研究\行研报告\美容和个人护理-行业研究\美容和个人护理（已处理）\美容工具和配件\美容工具和配件竞品分析底表-市场大盘v1.xlsx
美容工具/仪器,理发工具,护肤与个护,理发工具,个人护理产品,,51354.31,2569,1,1,0,0,MANSCAPED,Z:\主线任务2-天眼计划\行业专题研究\行研报告\健康与家庭-行业报告 V2.0\健康与家庭底表（已处理）\个人护理产品\个人护理产品竞品分析底表-市场大盘v1.xlsx
美容工具/仪器,理发工具,个人护理,理发工具,个人护理,,51354.31,2569,1,1,0,0,MANSCAPED,Z:\主线任务2-天眼计划\行业专题研究\行研报告\美容和个人护理-行业研究\美容和个人护理（已处理）\个人护理\个人护理竞品分析底表-市场大盘v1.xlsx
身体/沐浴/除臭,浴缸玩具,护肤与个护,浴缸玩具,沐浴产品,,49306.23,8259,1,1,0,0,Nuby,Z:\主线任务2-天眼计划\行业专题研究\行研报告\家庭和厨房-行业研究\沐浴产品竞品分析底表-市场大盘v1.xlsx
功效面部护肤,棉球和棉签,护肤与个护,棉球和棉签,个人护理产品,,49140,1575,1,1,0,0,First Aid Beauty,Z:\主线任务2-天眼计划\行业专题研究\行研报告\健康与家庭-行业报告 V2.0\健康与家庭底表（已处理）\个人护理产品\个人护理产品竞品分析底表-市场大盘v1.xlsx
功效面部护肤,棉球和棉签,个人护理,棉球和棉签,个人护理,,49140,1575,1,1,0,0,First Aid Beauty,Z:\主线任务2-天眼计划\行业专题研究\行研报告\美容和个人护理-行业研究\美容和个人护理（已处理）\个人护理\个人护理竞品分析底表-市场大盘v1.xlsx
功效面部护肤,棉球和棉签,皮肤护理,棉球和棉签,皮肤护理,,49140,1575,1,1,0,0,First Aid Beauty,Z:\主线任务2-天眼计划\行业专题研究\行研报告\美容和个人护理-行业研究\美容和个人护理（已处理）\皮肤护理\皮肤护理竞品分析底表-市场大盘v1.xlsx
男士剃须/理容,剃须和脱毛产品,护肤与个护,剃须和脱毛产品,礼品套装,,48192.75,7769,35,27,3.244284669374543,0,BEARD KING / Nair / Baxter of California,Z:\主线任务2-天眼计划\行业专题研究\行研报告\美容和个人护理-行业研究\美容和个人护理（已处理）\礼品套装\礼品套装竞品分析底表-市场大盘v1.xlsx
口腔护理,牙科感染控制,护肤与个护,牙科感染控制,个人护理产品,,48051.23,2411,1,1,100,0,kunphy,Z:\主线任务2-天眼计划\行业专题研究\行研报告\健康与家庭-行业报告 V2.0\健康与家庭底表（已处理）\个人护理产品\个人护理产品竞品分析底表-市场大盘v1.xlsx
口腔护理,牙科感染控制,个人护理,牙科感染控制,个人护理,,48051.23,2411,1,1,100,0,kunphy,Z:\主线任务2-天眼计划\行业专题研究\行研报告\美容和个人护理-行业研究\美容和个人护理（已处理）\个人护理\个人护理竞品分析底表-市场大盘v1.xlsx
美容工具/仪器,玻璃器皿和实验室器皿,护肤与个护,玻璃器皿和实验室器皿,美容工具和配件,,46869.23,4827,2,2,100,0,Bumobum / NOOEEISS,Z:\主线任务2-天眼计划\行业专题研究\行研报告\美容和个人护理-行业研究\美容和个人护理（已处理）\美容工具和配件\美容工具和配件竞品分析底表-市场大盘v1.xlsx
造型工具/吹风,造型工具和设备,护肤与个护,造型工具和设备,个人护理产品,,46317.6,2757,1,1,0,0,KENT,Z:\主线任务2-天眼计划\行业专题研究\行研报告\健康与家庭-行业报告 V2.0\健康与家庭底表（已处理）\个人护理产品\个人护理产品竞品分析底表-市场大盘v1.xlsx
造型工具/吹风,造型工具和设备,个人护理,造型工具和设备,个人护理,,46317.6,2757,1,1,0,0,KENT,Z:\主线任务2-天眼计划\行业专题研究\行研报告\美容和个人护理-行业研究\美容和个人护理（已处理）\个人护理\个人护理竞品分析底表-市场大盘v1.xlsx
口腔护理,婴儿Teether玩具,美妆个护综合,婴儿Teether玩具,口腔护理产品,,44925.31999999999,6595,2,2,0,0,Baby Banana / Nuby,Z:\主线任务2-天眼计划\行业专题研究\行研报告\健康与家庭-行业报告 V2.0\健康与家庭底表（已处理）\口腔护理产品\口腔护理产品竞品分析底表-市场大盘v1.xlsx
身体/沐浴/除臭,手、脚和指甲工具,护肤与个护,手、脚和指甲工具,沐浴产品,,44420.22,2778,1,1,0,0,tweexy,Z:\主线任务2-天眼计划\行业专题研究\行研报告\家庭和厨房-行业研究\沐浴产品竞品分析底表-市场大盘v1.xlsx
香水/香氛,护肤套装和工具包,香水,护肤套装和工具包,香水,,42720,712,1,1,0,0,Victoria’s Secret,Z:\主线任务2-天眼计划\行业专题研究\行研报告\美容和个人护理-行业研究\美容和个人护理（已处理）\香水\香水竞品分析底表-市场大盘v1.xlsx
功效面部护肤,垂钓用具,头发护理,垂钓用具,头发护理,,42463.51,149,1,1,0,0,SHIMANO,Z:\主线任务2-天眼计划\行业专题研究\行研报告\美容和个人护理-行业研究\美容和个人护理（已处理）\头发护理\头发护理竞品分析底表-市场大盘v1.xlsx
功效面部护肤,浴室毛巾,头发护理,浴室毛巾,头发护理,,42236.91,1509,1,1,0,0,Utopia Towels,Z:\主线任务2-天眼计划\行业专题研究\行研报告\美容和个人护理-行业研究\美容和个人护理（已处理）\头发护理\头发护理竞品分析底表-市场大盘v1.xlsx
功效面部护肤,非处方药,足部、手部和指甲护理,非处方药,足部、手部和指甲护理,,39891.74,2663,1,1,0,0,MagniLife,Z:\主线任务2-天眼计划\行业专题研究\行研报告\美容和个人护理-行业研究\美容和个人护理（已处理）\足部、手部和指甲护理\足部、手部和指甲护理竞品分析底表-市场大盘v1.xlsx
口腔护理,婴儿奶嘴、Teethers和Teething舒缓产品,美妆个护综合,婴儿奶嘴、Teethers和Teething舒缓产品,口腔护理产品,,39659.36,3316,1,1,0,0,Hyland‘s,Z:\主线任务2-天眼计划\行业专题研究\行研报告\健康与家庭-行业报告 V2.0\健康与家庭底表（已处理）\口腔护理产品\口腔护理产品竞品分析底表-市场大盘v1.xlsx
身体/沐浴/除臭,婴儿沐浴用品,护肤与个护,婴儿沐浴用品,美容工具和配件,,38598.78,5522,1,1,0,0,S&T INC.,Z:\主线任务2-天眼计划\行业专题研究\行研报告\美容和个人护理-行业研究\美容和个人护理（已处理）\美容工具和配件\美容工具和配件竞品分析底表-市场大盘v1.xlsx
功效面部护肤,Hobby遥控和应用程序控制的车辆部件,头发护理,Hobby遥控和应用程序控制的车辆部件,头发护理,,38340.82,1918,1,1,0,0,Sweetums,Z:\主线任务2-天眼计划\行业专题研究\行研报告\美容和个人护理-行业研究\美容和个人护理（已处理）\头发护理\头发护理竞品分析底表-市场大盘v1.xlsx
美容工具/仪器,洗衣储存产品,护肤与个护,洗衣储存产品,美容工具和配件,,37404.73,1627,1,1,100,0,Vtopmart,Z:\主线任务2-天眼计划\行业专题研究\行研报告\美容和个人护理-行业研究\美容和个人护理（已处理）\美容工具和配件\美容工具和配件竞品分析底表-市场大盘v1.xlsx
美容工具/仪器,沙龙和水疗凳子,护肤与个护,沙龙和水疗凳子,美容工具和配件,,36640.62,356,3,3,100,0,KLASIKA / Lessmore / HZLCMPY,Z:\主线任务2-天眼计划\行业专题研究\行研报告\美容和个人护理-行业研究\美容和个人护理（已处理）\美容工具和配件\美容工具和配件竞品分析底表-市场大盘v1.xlsx
功效面部护肤,沙龙和水疗设备,护肤与个护,沙龙和水疗设备,礼品套装,,36170.2,2005,1,1,100,0,SAVILAND,Z:\主线任务2-天眼计划\行业专题研究\行研报告\美容和个人护理-行业研究\美容和个人护理（已处理）\礼品套装\礼品套装竞品分析底表-市场大盘v1.xlsx
身体/沐浴/除臭,女装,护肤与个护,女装,沐浴产品,,35924.2,2665,1,1,100,0,Wubbept,Z:\主线任务2-天眼计划\行业专题研究\行研报告\家庭和厨房-行业研究\沐浴产品竞品分析底表-市场大盘v1.xlsx
功效面部护肤,水上运动,头发护理,水上运动,头发护理,,35397.36,2532,1,1,0,0,TYR,Z:\主线任务2-天眼计划\行业专题研究\行研报告\美容和个人护理-行业研究\美容和个人护理（已处理）\头发护理\头发护理竞品分析底表-市场大盘v1.xlsx
身体/沐浴/除臭,存储篮、箱和容器,护肤与个护,存储篮、箱和容器,沐浴产品,,35356.9,1310,1,1,0,0,HOSROOME,Z:\主线任务2-天眼计划\行业专题研究\行研报告\家庭和厨房-行业研究\沐浴产品竞品分析底表-市场大盘v1.xlsx
美容工具/仪器,办公桌配件和工作区组织者,护肤与个护,办公桌配件和工作区组织者,美容工具和配件,,33845.46,1254,1,1,0,0,STORi,Z:\主线任务2-天眼计划\行业专题研究\行研报告\美容和个人护理-行业研究\美容和个人护理（已处理）\美容工具和配件\美容工具和配件竞品分析底表-市场大盘v1.xlsx
美容工具/仪器,Spa存储系统,护肤与个护,Spa存储系统,美容工具和配件,,33402,237,3,3,0,0,Buy-Rite Salon & Spa Equipment / Docking Drawer / Dir,Z:\主线任务2-天眼计划\行业专题研究\行研报告\美容和个人护理-行业研究\美容和个人护理（已处理）\美容工具和配件\美容工具和配件竞品分析底表-市场大盘v1.xlsx
功效面部护肤,剪贴簿装饰和装饰,足部、手部和指甲护理,剪贴簿装饰和装饰,足部、手部和指甲护理,,32926.69,4731,2,2,100,0,TINKRSTUFF / NIUBIER,Z:\主线任务2-天眼计划\行业专题研究\行研报告\美容和个人护理-行业研究\美容和个人护理（已处理）\足部、手部和指甲护理\足部、手部和指甲护理竞品分析底表-市场大盘v1.xlsx
美容工具/仪器,按摩工具和设备,护肤与个护,按摩工具和设备,美容工具和配件,,32428.72,1828,1,1,100,0,AEKI,Z:\主线任务2-天眼计划\行业专题研究\行研报告\美容和个人护理-行业研究\美容和个人护理（已处理）\美容工具和配件\美容工具和配件竞品分析底表-市场大盘v1.xlsx
美容工具/仪器,化妆刷和工具,皮肤护理,化妆刷和工具,皮肤护理,,32310.25,1295,1,1,0,0,MotherCould,Z:\主线任务2-天眼计划\行业专题研究\行研报告\美容和个人护理-行业研究\美容和个人护理（已处理）\皮肤护理\皮肤护理竞品分析底表-市场大盘v1.xlsx
香水/香氛,发型产品,香水,发型产品,香水,,30876,2573,1,1,0,0,Pink Sugar,Z:\主线任务2-天眼计划\行业专题研究\行研报告\美容和个人护理-行业研究\美容和个人护理（已处理）\香水\香水竞品分析底表-市场大盘v1.xlsx
身体/沐浴/除臭,专业按摩设备,护肤与个护,专业按摩设备,沐浴产品,,30872.43,657,1,1,0,0,DAVELEN,Z:\主线任务2-天眼计划\行业专题研究\行研报告\家庭和厨房-行业研究\沐浴产品竞品分析底表-市场大盘v1.xlsx
功效面部护肤,专业按摩设备,头发护理,专业按摩设备,头发护理,,30637.48,652,1,1,0,0,DAVELEN,Z:\主线任务2-天眼计划\行业专题研究\行研报告\美容和个人护理-行业研究\美容和个人护理（已处理）\头发护理\头发护理竞品分析底表-市场大盘v1.xlsx
功效面部护肤,散装纸制品,皮肤护理,散装纸制品,皮肤护理,,30288.24,5487,1,1,0,0,The Honest Company,Z:\主线任务2-天眼计划\行业专题研究\行研报告\美容和个人护理-行业研究\美容和个人护理（已处理）\皮肤护理\皮肤护理竞品分析底表-市场大盘v1.xlsx
美容工具/仪器,商用清洁工具,护肤与个护,商用清洁工具,美容工具和配件,,29943.9,4410,1,1,0,0,Buf-Puf,Z:\主线任务2-天眼计划\行业专题研究\行研报告\美容和个人护理-行业研究\美容和个人护理（已处理）\美容工具和配件\美容工具和配件竞品分析底表-市场大盘v1.xlsx
男士剃须/理容,男士剃须和脱毛产品,皮肤护理,男士剃须和脱毛产品,皮肤护理,,27223.2,2736,1,1,0,0,Clean + Easy,Z:\主线任务2-天眼计划\行业专题研究\行研报告\美容和个人护理-行业研究\美容和个人护理（已处理）\皮肤护理\皮肤护理竞品分析底表-市场大盘v1.xlsx
美容工具/仪器,浴室储存和组织,护肤与个护,浴室储存和组织,美容工具和配件,,26716.8,704,1,1,100,0,XcE,Z:\主线任务2-天眼计划\行业专题研究\行研报告\美容和个人护理-行业研究\美容和个人护理（已处理）\美容工具和配件\美容工具和配件竞品分析底表-市场大盘v1.xlsx
男士剃须/理容,染发产品,剃须和脱毛,染发产品,剃须和脱毛,,26567.08,1111,3,3,0,0,Hair Bar NYC / VOID Homme / Striking Viking,Z:\主线任务2-天眼计划\行业专题研究\行研报告\美容和个人护理-行业研究\美容和个人护理（已处理）\剃须和脱毛\剃须和脱毛竞品分析底表-市场大盘v1.xlsx
功效面部护肤,烹饪和烘焙食品杂货,护肤与个护,烹饪和烘焙食品杂货,化妆,,26495.43,1657,1,1,100,0,DICSINM,Z:\主线任务2-天眼计划\行业专题研究\行研报告\美容和个人护理-行业研究\美容和个人护理（已处理）\化妆\化妆竞品分析底表-市场大盘v1.xlsx
身体/沐浴/除臭,瑜伽设备,护肤与个护,瑜伽设备,沐浴产品,,26417.45,755,1,1,0,0,Dock & Bay,Z:\主线任务2-天眼计划\行业专题研究\行研报告\家庭和厨房-行业研究\沐浴产品竞品分析底表-市场大盘v1.xlsx
男士剃须/理容,实验室用品和耗材,剃须和脱毛,实验室用品和耗材,剃须和脱毛,,26323.32,2524,2,1,0,0,MyMed,Z:\主线任务2-天眼计划\行业专题研究\行研报告\美容和个人护理-行业研究\美容和个人护理（已处理）\剃须和脱毛\剃须和脱毛竞品分析底表-市场大盘v1.xlsx
身体/沐浴/除臭,儿童浴室安全产品,护肤与个护,儿童浴室安全产品,沐浴产品,,25274.97,903,1,1,100,0,JJGoo,Z:\主线任务2-天眼计划\行业专题研究\行研报告\家庭和厨房-行业研究\沐浴产品竞品分析底表-市场大盘v1.xlsx
身体/沐浴/除臭,家用存储挂钩,护肤与个护,家用存储挂钩,沐浴产品,,25008.36,1564,1,1,0,0,Blau Marité,Z:\主线任务2-天眼计划\行业专题研究\行研报告\家庭和厨房-行业研究\沐浴产品竞品分析底表-市场大盘v1.xlsx
口腔护理,实验室仪器设备,美妆个护综合,实验室仪器设备,口腔护理产品,,25002.79,521,1,1,0,0,iSonic,Z:\主线任务2-天眼计划\行业专题研究\行研报告\健康与家庭-行业报告 V2.0\健康与家庭底表（已处理）\口腔护理产品\口腔护理产品竞品分析底表-市场大盘v1.xlsx
身体/沐浴/除臭,洗碗用品,护肤与个护,洗碗用品,沐浴产品,,24493.66,1634,1,1,0,0,OXO,Z:\主线任务2-天眼计划\行业专题研究\行研报告\家庭和厨房-行业研究\沐浴产品竞品分析底表-市场大盘v1.xlsx
美容工具/仪器,指甲艺术工具,护肤与个护,指甲艺术工具,美容工具和配件,,24264.01,2699,1,1,100,0,modelones,Z:\主线任务2-天眼计划\行业专题研究\行研报告\美容和个人护理-行业研究\美容和个人护理（已处理）\美容工具和配件\美容工具和配件竞品分析底表-市场大盘v1.xlsx
功效面部护肤,婴儿和儿童个人护理产品,皮肤护理,婴儿和儿童个人护理产品,皮肤护理,,23735.03,1397,1,1,0,0,Mustela,Z:\主线任务2-天眼计划\行业专题研究\行研报告\美容和个人护理-行业研究\美容和个人护理（已处理）\皮肤护理\皮肤护理竞品分析底表-市场大盘v1.xlsx
美容工具/仪器,实验室用品和耗材,护肤与个护,实验室用品和耗材,美容工具和配件,,23356.62,2338,1,1,0,0,MyMed,Z:\主线任务2-天眼计划\行业专题研究\行研报告\美容和个人护理-行业研究\美容和个人护理（已处理）\美容工具和配件\美容工具和配件竞品分析底表-市场大盘v1.xlsx
功效面部护肤,穿孔和纹身用品,护肤与个护,穿孔和纹身用品,化妆,,22888.54,2546,1,1,100,0,Pudaier,Z:\主线任务2-天眼计划\行业专题研究\行研报告\美容和个人护理-行业研究\美容和个人护理（已处理）\化妆\化妆竞品分析底表-市场大盘v1.xlsx
美甲/手足护理,指甲油和装饰产品,护肤与个护,指甲油和装饰产品,沐浴产品,,22375.64,1018,1,1,100,0,Beloving,Z:\主线任务2-天眼计划\行业专题研究\行研报告\家庭和厨房-行业研究\沐浴产品竞品分析底表-市场大盘v1.xlsx
男士剃须/理容,护肤套装和工具包,剃须和脱毛,护肤套装和工具包,剃须和脱毛,,22327.14,1275,2,2,0,0,Mountaineer Brand / Golden Grooming Company,Z:\主线任务2-天眼计划\行业专题研究\行研报告\美容和个人护理-行业研究\美容和个人护理（已处理）\剃须和脱毛\剃须和脱毛竞品分析底表-市场大盘v1.xlsx
美容工具/仪器,食品服务一次性用品,护肤与个护,食品服务一次性用品,美容工具和配件,,20969.01,2099,1,1,100,0,Smilco,Z:\主线任务2-天眼计划\行业专题研究\行研报告\美容和个人护理-行业研究\美容和个人护理（已处理）\美容工具和配件\美容工具和配件竞品分析底表-市场大盘v1.xlsx
美容工具/仪器,化妆套装,护肤与个护,化妆套装,美容工具和配件,,20741.7,830,1,1,0,0,Townley Girl,Z:\主线任务2-天眼计划\行业专题研究\行研报告\美容和个人护理-行业研究\美容和个人护理（已处理）\美容工具和配件\美容工具和配件竞品分析底表-市场大盘v1.xlsx
美容工具/仪器,美容工具和配件,护肤与个护,美容工具和配件,礼品套装,,20096.02,1611,24,20,32.31998176753407,0,Dylonic / Constantia Beauty / Jessup,Z:\主线任务2-天眼计划\行业专题研究\行研报告\美容和个人护理-行业研究\美容和个人护理（已处理）\礼品套装\礼品套装竞品分析底表-市场大盘v1.xlsx
身体/沐浴/除臭,活动、健康和健康监测器,护肤与个护,活动、健康和健康监测器,沐浴产品,,20016.99,801,1,1,0,0,RENPHO,Z:\主线任务2-天眼计划\行业专题研究\行研报告\家庭和厨房-行业研究\沐浴产品竞品分析底表-市场大盘v1.xlsx
香水/香氛,身体护肤品,香水,身体护肤品,香水,,19852.41,2341,2,2,0,0,MOBETTER FRAGRANCE OILS / Holler & Glow,Z:\主线任务2-天眼计划\行业专题研究\行研报告\美容和个人护理-行业研究\美容和个人护理（已处理）\香水\香水竞品分析底表-市场大盘v1.xlsx
美容工具/仪器,皮肤护理工具,足部、手部和指甲护理,皮肤护理工具,足部、手部和指甲护理,,18942.04,1996,1,1,100,0,LIVINGO,Z:\主线任务2-天眼计划\行业专题研究\行研报告\美容和个人护理-行业研究\美容和个人护理（已处理）\足部、手部和指甲护理\足部、手部和指甲护理竞品分析底表-市场大盘v1.xlsx
功效面部护肤,床枕和定位器,护肤与个护,床枕和定位器,沙龙和水疗设备,,18665.15,680,2,2,94.62725989343777,0,"Noverlife / Clinical Health Services, Inc.",Z:\主线任务2-天眼计划\行业专题研究\行研报告\美容和个人护理-行业研究\美容和个人护理（已处理）\沙龙和水疗设备\沙龙和水疗设备竞品分析底表-市场大盘v1.xlsx
功效面部护肤,男鞋,足部、手部和指甲护理,男鞋,足部、手部和指甲护理,,18172.7,910,1,1,100,0,BenSorts,Z:\主线任务2-天眼计划\行业专题研究\行研报告\美容和个人护理-行业研究\美容和个人护理（已处理）\足部、手部和指甲护理\足部、手部和指甲护理竞品分析底表-市场大盘v1.xlsx
美容工具/仪器,面部化妆,护肤与个护,面部化妆,美容工具和配件,,17872.25,275,1,1,0,0,LUMINESS,Z:\主线任务2-天眼计划\行业专题研究\行研报告\美容和个人护理-行业研究\美容和个人护理（已处理）\美容工具和配件\美容工具和配件竞品分析底表-市场大盘v1.xlsx
香水/香氛,急救用品,香水,急救用品,香水,,17752,634,1,1,0,0,Touchland,Z:\主线任务2-天眼计划\行业专题研究\行研报告\美容和个人护理-行业研究\美容和个人护理（已处理）\香水\香水竞品分析底表-市场大盘v1.xlsx
美容工具/仪器,足部和手部护理,护肤与个护,足部和手部护理,美容工具和配件,,17443.55,1949,1,1,0,0,KETAR,Z:\主线任务2-天眼计划\行业专题研究\行研报告\美容和个人护理-行业研究\美容和个人护理（已处理）\美容工具和配件\美容工具和配件竞品分析底表-市场大盘v1.xlsx
功效面部护肤,头发延伸、假发和配件,足部、手部和指甲护理,头发延伸、假发和配件,足部、手部和指甲护理,,17340.25,2495,1,1,0,0,SuperNail,Z:\主线任务2-天眼计划\行业专题研究\行研报告\美容和个人护理-行业研究\美容和个人护理（已处理）\足部、手部和指甲护理\足部、手部和指甲护理竞品分析底表-市场大盘v1.xlsx
口腔护理,唇部护理产品,美妆个护综合,唇部护理产品,口腔护理产品,,17188.82,1978,1,1,0,0,Quantum,Z:\主线任务2-天眼计划\行业专题研究\行研报告\健康与家庭-行业报告 V2.0\健康与家庭底表（已处理）\口腔护理产品\口腔护理产品竞品分析底表-市场大盘v1.xlsx
美容工具/仪器,商用清洁工具,足部、手部和指甲护理,商用清洁工具,足部、手部和指甲护理,,16419.45,2055,1,1,100,0,MAQIHAN,Z:\主线任务2-天眼计划\行业专题研究\行研报告\美容和个人护理-行业研究\美容和个人护理（已处理）\足部、手部和指甲护理\足部、手部和指甲护理竞品分析底表-市场大盘v1.xlsx
美容工具/仪器,护肤套装和工具包,护肤与个护,护肤套装和工具包,美容工具和配件,,16279.14,1086,1,1,0,0,Mountaineer Brand,Z:\主线任务2-天眼计划\行业专题研究\行研报告\美容和个人护理-行业研究\美容和个人护理（已处理）\美容工具和配件\美容工具和配件竞品分析底表-市场大盘v1.xlsx
美容工具/仪器,替代药物产品,护肤与个护,替代药物产品,美容工具和配件,,15936,64,1,1,0,0,Capillus,Z:\主线任务2-天眼计划\行业专题研究\行研报告\美容和个人护理-行业研究\美容和个人护理（已处理）\美容工具和配件\美容工具和配件竞品分析底表-市场大盘v1.xlsx
功效面部护肤,儿童装扮配饰,护肤与个护,儿童装扮配饰,化妆,,15820.2,1980,1,1,0,0,Townley Girl,Z:\主线任务2-天眼计划\行业专题研究\行研报告\美容和个人护理-行业研究\美容和个人护理（已处理）\化妆\化妆竞品分析底表-市场大盘v1.xlsx
美容工具/仪器,理发工具,护肤与个护,理发工具,沙龙和水疗设备,,15392.2,380,2,2,100,0,Noverlife / KCWVSIE,Z:\主线任务2-天眼计划\行业专题研究\行研报告\美容和个人护理-行业研究\美容和个人护理（已处理）\沙龙和水疗设备\沙龙和水疗设备竞品分析底表-市场大盘v1.xlsx
美甲/手足护理,指甲油和装饰产品,护肤与个护,指甲油和装饰产品,美容工具和配件,,14656.28,524,1,1,100,0,GR69N,Z:\主线任务2-天眼计划\行业专题研究\行研报告\美容和个人护理-行业研究\美容和个人护理（已处理）\美容工具和配件\美容工具和配件竞品分析底表-市场大盘v1.xlsx
男士剃须/理容,家用绘画用品和工具,剃须和脱毛,家用绘画用品和工具,剃须和脱毛,,14653.66,1834,1,1,0,0,WORKPRO,Z:\主线任务2-天眼计划\行业专题研究\行研报告\美容和个人护理-行业研究\美容和个人护理（已处理）\剃须和脱毛\剃须和脱毛竞品分析底表-市场大盘v1.xlsx
美容工具/仪器,家用绘画用品和工具,护肤与个护,家用绘画用品和工具,美容工具和配件,,14653.66,1834,1,1,0,0,WORKPRO,Z:\主线任务2-天眼计划\行业专题研究\行研报告\美容和个人护理-行业研究\美容和个人护理（已处理）\美容工具和配件\美容工具和配件竞品分析底表-市场大盘v1.xlsx
功效面部护肤,染发产品,护肤与个护,染发产品,沙龙和水疗设备,,13678.73,1927,3,3,75.93219545966622,0,YELEGAI / FEBSNOW / Salon Supply Co,Z:\主线任务2-天眼计划\行业专题研究\行研报告\美容和个人护理-行业研究\美容和个人护理（已处理）\沙龙和水疗设备\沙龙和水疗设备竞品分析底表-市场大盘v1.xlsx
男士剃须/理容,女式珠宝,剃须和脱毛,女式珠宝,剃须和脱毛,,13200.8,2320,1,1,100,0,ONESING,Z:\主线任务2-天眼计划\行业专题研究\行研报告\美容和个人护理-行业研究\美容和个人护理（已处理）\剃须和脱毛\剃须和脱毛竞品分析底表-市场大盘v1.xlsx
美容工具/仪器,女式珠宝,护肤与个护,女式珠宝,美容工具和配件,,13200.8,2320,1,1,100,0,ONESING,Z:\主线任务2-天眼计划\行业专题研究\行研报告\美容和个人护理-行业研究\美容和个人护理（已处理）\美容工具和配件\美容工具和配件竞品分析底表-市场大盘v1.xlsx
美容工具/仪器,旅行配件,护肤与个护,旅行配件,美容工具和配件,,12900,516,1,1,0,0,Kendall Country,Z:\主线任务2-天眼计划\行业专题研究\行研报告\美容和个人护理-行业研究\美容和个人护理（已处理）\美容工具和配件\美容工具和配件竞品分析底表-市场大盘v1.xlsx
美容工具/仪器,染发产品,护肤与个护,染发产品,美容工具和配件,,12867.84,288,1,1,0,0,Hair Bar NYC,Z:\主线任务2-天眼计划\行业专题研究\行研报告\美容和个人护理-行业研究\美容和个人护理（已处理）\美容工具和配件\美容工具和配件竞品分析底表-市场大盘v1.xlsx
男士剃须/理容,足部和手部护理,剃须和脱毛,足部和手部护理,剃须和脱毛,,12789.53,567,2,2,100,0,Ananelleo / Segbeauty,Z:\主线任务2-天眼计划\行业专题研究\行研报告\美容和个人护理-行业研究\美容和个人护理（已处理）\剃须和脱毛\剃须和脱毛竞品分析底表-市场大盘v1.xlsx
功效面部护肤,个人后视镜,护肤与个护,个人后视镜,沙龙和水疗设备,,12392.94,3106,1,1,100,0,Aeisage,Z:\主线任务2-天眼计划\行业专题研究\行研报告\美容和个人护理-行业研究\美容和个人护理（已处理）\沙龙和水疗设备\沙龙和水疗设备竞品分析底表-市场大盘v1.xlsx
功效面部护肤,修甲台,足部、手部和指甲护理,修甲台,足部、手部和指甲护理,,12128.82,1518,1,1,100,0,ANGNYA,Z:\主线任务2-天眼计划\行业专题研究\行研报告\美容和个人护理-行业研究\美容和个人护理（已处理）\足部、手部和指甲护理\足部、手部和指甲护理竞品分析底表-市场大盘v1.xlsx
美容工具/仪器,修甲台,护肤与个护,修甲台,美容工具和配件,,11999.95,5,1,1,100,0,Larnavo,Z:\主线任务2-天眼计划\行业专题研究\行研报告\美容和个人护理-行业研究\美容和个人护理（已处理）\美容工具和配件\美容工具和配件竞品分析底表-市场大盘v1.xlsx
美甲/手足护理,美甲和修脚套件,护肤与个护,美甲和修脚套件,美容工具和配件,,11900,5,1,1,0,0,MAYAKOBA,Z:\主线任务2-天眼计划\行业专题研究\行研报告\美容和个人护理-行业研究\美容和个人护理（已处理）\美容工具和配件\美容工具和配件竞品分析底表-市场大盘v1.xlsx
美容工具/仪器,工具组织者,护肤与个护,工具组织者,沙龙和水疗设备,,11621.54,646,1,1,100,0,Voryssent,Z:\主线任务2-天眼计划\行业专题研究\行研报告\美容和个人护理-行业研究\美容和个人护理（已处理）\沙龙和水疗设备\沙龙和水疗设备竞品分析底表-市场大盘v1.xlsx
功效面部护肤,专业按摩设备,足部、手部和指甲护理,专业按摩设备,足部、手部和指甲护理,,11606.13,387,1,1,0,0,TP PLASTIC,Z:\主线任务2-天眼计划\行业专题研究\行研报告\美容和个人护理-行业研究\美容和个人护理（已处理）\足部、手部和指甲护理\足部、手部和指甲护理竞品分析底表-市场大盘v1.xlsx
美容工具/仪器,零售袋和箱子,护肤与个护,零售袋和箱子,美容工具和配件,,11126.94,506,1,1,100,0,Giftissimo,Z:\主线任务2-天眼计划\行业专题研究\行研报告\美容和个人护理-行业研究\美容和个人护理（已处理）\美容工具和配件\美容工具和配件竞品分析底表-市场大盘v1.xlsx
美容工具/仪器,头发延伸、假发和配件,护肤与个护,头发延伸、假发和配件,美容工具和配件,,11026.2,1380,1,1,100,0,Heniho,Z:\主线任务2-天眼计划\行业专题研究\行研报告\美容和个人护理-行业研究\美容和个人护理（已处理）\美容工具和配件\美容工具和配件竞品分析底表-市场大盘v1.xlsx
口腔护理,体检用品和耗材,美妆个护综合,体检用品和耗材,口腔护理产品,,10914.34,1366,1,1,100,0,wellgler,Z:\主线任务2-天眼计划\行业专题研究\行研报告\健康与家庭-行业报告 V2.0\健康与家庭底表（已处理）\口腔护理产品\口腔护理产品竞品分析底表-市场大盘v1.xlsx
功效面部护肤,刷子和笔清洁剂,足部、手部和指甲护理,刷子和笔清洁剂,足部、手部和指甲护理,,10411.1,1390,1,1,100,0,LOUINSTIC,Z:\主线任务2-天眼计划\行业专题研究\行研报告\美容和个人护理-行业研究\美容和个人护理（已处理）\足部、手部和指甲护理\足部、手部和指甲护理竞品分析底表-市场大盘v1.xlsx
功效面部护肤,毛巾加热器,足部、手部和指甲护理,毛巾加热器,足部、手部和指甲护理,,9987.3,270,1,1,100,0,Misforu,Z:\主线任务2-天眼计划\行业专题研究\行研报告\美容和个人护理-行业研究\美容和个人护理（已处理）\足部、手部和指甲护理\足部、手部和指甲护理竞品分析底表-市场大盘v1.xlsx
功效面部护肤,可再填充化妆品容器,足部、手部和指甲护理,可再填充化妆品容器,足部、手部和指甲护理,,9715.78,1622,1,1,100,0,UPZIGS,Z:\主线任务2-天眼计划\行业专题研究\行研报告\美容和个人护理-行业研究\美容和个人护理（已处理）\足部、手部和指甲护理\足部、手部和指甲护理竞品分析底表-市场大盘v1.xlsx
男士剃须/理容,男士香水,剃须和脱毛,男士香水,剃须和脱毛,,9148.25,989,1,1,0,0,Clubman,Z:\主线任务2-天眼计划\行业专题研究\行研报告\美容和个人护理-行业研究\美容和个人护理（已处理）\剃须和脱毛\剃须和脱毛竞品分析底表-市场大盘v1.xlsx
身体/沐浴/除臭,可再填充化妆品容器,护肤与个护,可再填充化妆品容器,沐浴产品,,9100.89,911,1,1,100,0,Cosywell,Z:\主线任务2-天眼计划\行业专题研究\行研报告\家庭和厨房-行业研究\沐浴产品竞品分析底表-市场大盘v1.xlsx
香水/香氛,婴儿和儿童个人护理产品,香水,婴儿和儿童个人护理产品,香水,,8932,319,1,1,0,0,Zermat,Z:\主线任务2-天眼计划\行业专题研究\行研报告\美容和个人护理-行业研究\美容和个人护理（已处理）\香水\香水竞品分析底表-市场大盘v1.xlsx
身体/沐浴/除臭,餐具和服务,护肤与个护,餐具和服务,沐浴产品,,8829.24,276,1,1,0,0,AuroraSynth,Z:\主线任务2-天眼计划\行业专题研究\行研报告\家庭和厨房-行业研究\沐浴产品竞品分析底表-市场大盘v1.xlsx
功效面部护肤,发型配饰,护肤与个护,发型配饰,沙龙和水疗设备,,8697.42,458,1,1,0,0,Laflare,Z:\主线任务2-天眼计划\行业专题研究\行研报告\美容和个人护理-行业研究\美容和个人护理（已处理）\沙龙和水疗设备\沙龙和水疗设备竞品分析底表-市场大盘v1.xlsx
美甲/手足护理,指甲油和装饰产品,护肤与个护,指甲油和装饰产品,化妆,,8458.05,1695,1,1,100,0,JASSINS,Z:\主线任务2-天眼计划\行业专题研究\行研报告\美容和个人护理-行业研究\美容和个人护理（已处理）\化妆\化妆竞品分析底表-市场大盘v1.xlsx
身体/沐浴/除臭,面部皮肤护理产品,护肤与个护,面部皮肤护理产品,沐浴产品,,8345.37,363,1,1,100,0,Rolheit,Z:\主线任务2-天眼计划\行业专题研究\行研报告\家庭和厨房-行业研究\沐浴产品竞品分析底表-市场大盘v1.xlsx
男士剃须/理容,耳机、耳机和配件,剃须和脱毛,耳机、耳机和配件,剃须和脱毛,,8118.84,58,1,1,100,0,STARGEAR,Z:\主线任务2-天眼计划\行业专题研究\行研报告\美容和个人护理-行业研究\美容和个人护理（已处理）\剃须和脱毛\剃须和脱毛竞品分析底表-市场大盘v1.xlsx
身体/沐浴/除臭,卫生间和小便器部件,护肤与个护,卫生间和小便器部件,沐浴产品,,8033.3,670,1,1,100,0,Wangenbro,Z:\主线任务2-天眼计划\行业专题研究\行研报告\家庭和厨房-行业研究\沐浴产品竞品分析底表-市场大盘v1.xlsx
男士剃须/理容,男士珠宝首饰,护肤与个护,男士珠宝首饰,化妆,,7950.56,1264,1,1,100,0,nooepc,Z:\主线任务2-天眼计划\行业专题研究\行研报告\美容和个人护理-行业研究\美容和个人护理（已处理）\化妆\化妆竞品分析底表-市场大盘v1.xlsx
功效面部护肤,化妆袋和化妆盒,护肤与个护,化妆袋和化妆盒,沙龙和水疗设备,,7010.53,347,3,3,100,0,Leudes / WINZEDGE / CGBARBER,Z:\主线任务2-天眼计划\行业专题研究\行研报告\美容和个人护理-行业研究\美容和个人护理（已处理）\沙龙和水疗设备\沙龙和水疗设备竞品分析底表-市场大盘v1.xlsx
功效面部护肤,报废纸张和卡片库存,护肤与个护,报废纸张和卡片库存,化妆,,6548.88,312,1,1,100,0,Happinit,Z:\主线任务2-天眼计划\行业专题研究\行研报告\美容和个人护理-行业研究\美容和个人护理（已处理）\化妆\化妆竞品分析底表-市场大盘v1.xlsx
男士剃须/理容,家庭香水产品,剃须和脱毛,家庭香水产品,剃须和脱毛,,5815.68,832,1,1,100,0,Boao,Z:\主线任务2-天眼计划\行业专题研究\行研报告\美容和个人护理-行业研究\美容和个人护理（已处理）\剃须和脱毛\剃须和脱毛竞品分析底表-市场大盘v1.xlsx
功效面部护肤,女装,护肤与个护,女装,沙龙和水疗设备,,5572.72,328,1,1,100,0,Janmercy,Z:\主线任务2-天眼计划\行业专题研究\行研报告\美容和个人护理-行业研究\美容和个人护理（已处理）\沙龙和水疗设备\沙龙和水疗设备竞品分析底表-市场大盘v1.xlsx
男士剃须/理容,浴室五金件,剃须和脱毛,浴室五金件,剃须和脱毛,,5450.86,1214,1,1,100,0,Generic,Z:\主线任务2-天眼计划\行业专题研究\行研报告\美容和个人护理-行业研究\美容和个人护理（已处理）\剃须和脱毛\剃须和脱毛竞品分析底表-市场大盘v1.xlsx
功效面部护肤,入口家具,护肤与个护,入口家具,沙龙和水疗设备,,4975.38,262,1,1,100,0,SHATTER MIRROS,Z:\主线任务2-天眼计划\行业专题研究\行研报告\美容和个人护理-行业研究\美容和个人护理（已处理）\沙龙和水疗设备\沙龙和水疗设备竞品分析底表-市场大盘v1.xlsx
功效面部护肤,剪贴簿装饰和装饰,护肤与个护,剪贴簿装饰和装饰,化妆,,4963.4,332,1,1,0,0,Hemway,Z:\主线任务2-天眼计划\行业专题研究\行研报告\美容和个人护理-行业研究\美容和个人护理（已处理）\化妆\化妆竞品分析底表-市场大盘v1.xlsx
男士剃须/理容,面部化妆,剃须和脱毛,面部化妆,剃须和脱毛,,3480,87,1,1,0,0,Elizabeth Arden,Z:\主线任务2-天眼计划\行业专题研究\行研报告\美容和个人护理-行业研究\美容和个人护理（已处理）\剃须和脱毛\剃须和脱毛竞品分析底表-市场大盘v1.xlsx
功效面部护肤,儿童家具,护肤与个护,儿童家具,沙龙和水疗设备,,3049.39,61,1,1,0,0,EarthLite,Z:\主线任务2-天眼计划\行业专题研究\行研报告\美容和个人护理-行业研究\美容和个人护理（已处理）\沙龙和水疗设备\沙龙和水疗设备竞品分析底表-市场大盘v1.xlsx
男士剃须/理容,男士,剃须和脱毛,使用场景,剃须和脱毛,,0,,2157,,0,0,,Z:\主线任务2-天眼计划\行业专题研究\行研报告\美容和个人护理-行业研究\美容和个人护理（已处理）\剃须和脱毛\剃须和脱毛竞品分析底表-市场大盘v1.xlsx
男士剃须/理容,医疗器械和手术工具,剃须和脱毛,医疗器械和手术工具,剃须和脱毛,,1854.84,116,1,1,0,0,Derma Twist,Z:\主线任务2-天眼计划\行业专题研究\行研报告\美容和个人护理-行业研究\美容和个人护理（已处理）\剃须和脱毛\剃须和脱毛竞品分析底表-市场大盘v1.xlsx
香水/香氛,焊接和钎焊设备,香水,焊接和钎焊设备,香水,,1419.55,89,1,1,0,0,Chip Quik,Z:\主线任务2-天眼计划\行业专题研究\行研报告\美容和个人护理-行业研究\美容和个人护理（已处理）\香水\香水竞品分析底表-市场大盘v1.xlsx
美甲/手足护理,指甲油和装饰产品,护肤与个护,指甲油和装饰产品,沙龙和水疗设备,,1262.42,158,1,1,100,0,SAVILAND,Z:\主线任务2-天眼计划\行业专题研究\行研报告\美容和个人护理-行业研究\美容和个人护理（已处理）\沙龙和水疗设备\沙龙和水疗设备竞品分析底表-市场大盘v1.xlsx
香水/香氛,喷雾,香水,规格,香水,,0,,1220,,0,0,,Z:\主线任务2-天眼计划\行业专题研究\行研报告\美容和个人护理-行业研究\美容和个人护理（已处理）\香水\香水竞品分析底表-市场大盘v1.xlsx
功效面部护肤,移动和日常生活辅助设备,护肤与个护,移动和日常生活辅助设备,沙龙和水疗设备,,1119.87,13,2,2,89.29161420522024,0,SalonMax / PEPE Mobility,Z:\主线任务2-天眼计划\行业专题研究\行研报告\美容和个人护理-行业研究\美容和个人护理（已处理）\沙龙和水疗设备\沙龙和水疗设备竞品分析底表-市场大盘v1.xlsx
男士剃须/理容,男士,剃须和脱毛,使用场景,剃须和脱毛,,0,,975,,0,0,,Z:\主线任务2-天眼计划\行业专题研究\行研报告\美容和个人护理-行业研究\美容和个人护理（已处理）\剃须和脱毛\剃须和脱毛竞品分析底表-市场大盘v1.xlsx
男士剃须/理容,女士,剃须和脱毛,使用场景,剃须和脱毛,,0,,869,,0,0,,Z:\主线任务2-天眼计划\行业专题研究\行研报告\美容和个人护理-行业研究\美容和个人护理（已处理）\剃须和脱毛\剃须和脱毛竞品分析底表-市场大盘v1.xlsx
香水/香氛,香精,香水,产品特性,香水,,0,,819,,0,0,,Z:\主线任务2-天眼计划\行业专题研究\行研报告\美容和个人护理-行业研究\美容和个人护理（已处理）\香水\香水竞品分析底表-市场大盘v1.xlsx
美甲/手足护理,美甲沙龙,足部、手部和指甲护理,使用场景,足部、手部和指甲护理,,0,,736,,0,0,,Z:\主线任务2-天眼计划\行业专题研究\行研报告\美容和个人护理-行业研究\美容和个人护理（已处理）\足部、手部和指甲护理\足部、手部和指甲护理竞品分析底表-市场大盘v1.xlsx
香水/香氛,容量,香水,规格,香水,,0,,683,,0,0,,Z:\主线任务2-天眼计划\行业专题研究\行研报告\美容和个人护理-行业研究\美容和个人护理（已处理）\香水\香水竞品分析底表-市场大盘v1.xlsx
香水/香氛,蜡烛和烛台,香水,蜡烛和烛台,香水,,600.04,7,1,1,0,0,Boy Smells,Z:\主线任务2-天眼计划\行业专题研究\行研报告\美容和个人护理-行业研究\美容和个人护理（已处理）\香水\香水竞品分析底表-市场大盘v1.xlsx
功效面部护肤,按摩,护肤与个护,功效,沙龙和水疗设备,,0,,580,,0,0,,Z:\主线任务2-天眼计划\行业专题研究\行研报告\美容和个人护理-行业研究\美容和个人护理（已处理）\沙龙和水疗设备\沙龙和水疗设备竞品分析底表-市场大盘v1.xlsx
功效面部护肤,沙龙,护肤与个护,使用场景,沙龙和水疗设备,,0,,565,,0,0,,Z:\主线任务2-天眼计划\行业专题研究\行研报告\美容和个人护理-行业研究\美容和个人护理（已处理）\沙龙和水疗设备\沙龙和水疗设备竞品分析底表-市场大盘v1.xlsx
男士剃须/理容,电动,剃须和脱毛,产品特性,剃须和脱毛,,0,,546,,0,0,,Z:\主线任务2-天眼计划\行业专题研究\行研报告\美容和个人护理-行业研究\美容和个人护理（已处理）\剃须和脱毛\剃须和脱毛竞品分析底表-市场大盘v1.xlsx
功效面部护肤,套装,足部、手部和指甲护理,规格,足部、手部和指甲护理,,0,,515,,0,0,,Z:\主线任务2-天眼计划\行业专题研究\行研报告\美容和个人护理-行业研究\美容和个人护理（已处理）\足部、手部和指甲护理\足部、手部和指甲护理竞品分析底表-市场大盘v1.xlsx
功效面部护肤,UV光疗,足部、手部和指甲护理,产品特性,足部、手部和指甲护理,,0,,481,,0,0,,Z:\主线任务2-天眼计划\行业专题研究\行研报告\美容和个人护理-行业研究\美容和个人护理（已处理）\足部、手部和指甲护理\足部、手部和指甲护理竞品分析底表-市场大盘v1.xlsx
男士剃须/理容,身体,剃须和脱毛,使用场景,剃须和脱毛,,0,,472,,0,0,,Z:\主线任务2-天眼计划\行业专题研究\行研报告\美容和个人护理-行业研究\美容和个人护理（已处理）\剃须和脱毛\剃须和脱毛竞品分析底表-市场大盘v1.xlsx
香水/香氛,香精,香水,产品特性,香水,,0,,462,,0,0,,Z:\主线任务2-天眼计划\行业专题研究\行研报告\美容和个人护理-行业研究\美容和个人护理（已处理）\香水\香水竞品分析底表-市场大盘v1.xlsx
男士剃须/理容,比基尼,剃须和脱毛,使用场景,剃须和脱毛,,0,,455,,0,0,,Z:\主线任务2-天眼计划\行业专题研究\行研报告\美容和个人护理-行业研究\美容和个人护理（已处理）\剃须和脱毛\剃须和脱毛竞品分析底表-市场大盘v1.xlsx
功效面部护肤,天然,护肤与个护,产品特性,化妆,,0,,452,,0,0,,Z:\主线任务2-天眼计划\行业专题研究\行研报告\美容和个人护理-行业研究\美容和个人护理（已处理）\化妆\化妆竞品分析底表-市场大盘v1.xlsx
男士剃须/理容,面部,剃须和脱毛,使用场景,剃须和脱毛,,0,,450,,0,0,,Z:\主线任务2-天眼计划\行业专题研究\行研报告\美容和个人护理-行业研究\美容和个人护理（已处理）\剃须和脱毛\剃须和脱毛竞品分析底表-市场大盘v1.xlsx
男士剃须/理容,女士,剃须和脱毛,使用场景,剃须和脱毛,,0,,418,,0,0,,Z:\主线任务2-天眼计划\行业专题研究\行研报告\美容和个人护理-行业研究\美容和个人护理（已处理）\剃须和脱毛\剃须和脱毛竞品分析底表-市场大盘v1.xlsx
美容工具/仪器,旅行,护肤与个护,使用场景,美容工具和配件,,0,,411,,0,0,,Z:\主线任务2-天眼计划\行业专题研究\行研报告\美容和个人护理-行业研究\美容和个人护理（已处理）\美容工具和配件\美容工具和配件竞品分析底表-市场大盘v1.xlsx
功效面部护肤,容量,足部、手部和指甲护理,规格,足部、手部和指甲护理,,0,,393,,0,0,,Z:\主线任务2-天眼计划\行业专题研究\行研报告\美容和个人护理-行业研究\美容和个人护理（已处理）\足部、手部和指甲护理\足部、手部和指甲护理竞品分析底表-市场大盘v1.xlsx
功效面部护肤,专业,足部、手部和指甲护理,使用场景,足部、手部和指甲护理,,0,,386,,0,0,,Z:\主线任务2-天眼计划\行业专题研究\行研报告\美容和个人护理-行业研究\美容和个人护理（已处理）\足部、手部和指甲护理\足部、手部和指甲护理竞品分析底表-市场大盘v1.xlsx
香水/香氛,淡香水,香水,产品特性,香水,,0,,385,,0,0,,Z:\主线任务2-天眼计划\行业专题研究\行研报告\美容和个人护理-行业研究\美容和个人护理（已处理）\香水\香水竞品分析底表-市场大盘v1.xlsx
功效面部护肤,LED光疗,足部、手部和指甲护理,产品特性,足部、手部和指甲护理,,0,,382,,0,0,,Z:\主线任务2-天眼计划\行业专题研究\行研报告\美容和个人护理-行业研究\美容和个人护理（已处理）\足部、手部和指甲护理\足部、手部和指甲护理竞品分析底表-市场大盘v1.xlsx
香水/香氛,淡香水,香水,产品特性,香水,,0,,379,,0,0,,Z:\主线任务2-天眼计划\行业专题研究\行研报告\美容和个人护理-行业研究\美容和个人护理（已处理）\香水\香水竞品分析底表-市场大盘v1.xlsx
香水/香氛,足部和手部护理,香水,足部和手部护理,香水,,375,5,1,1,0,0,Diptyque Paris,Z:\主线任务2-天眼计划\行业专题研究\行研报告\美容和个人护理-行业研究\美容和个人护理（已处理）\香水\香水竞品分析底表-市场大盘v1.xlsx
男士剃须/理容,腿部,剃须和脱毛,使用场景,剃须和脱毛,,0,,373,,0,0,,Z:\主线任务2-天眼计划\行业专题研究\行研报告\美容和个人护理-行业研究\美容和个人护理（已处理）\剃须和脱毛\剃须和脱毛竞品分析底表-市场大盘v1.xlsx
美容工具/仪器,电动,护肤与个护,产品特性,美容工具和配件,,0,,366,,0,0,,Z:\主线任务2-天眼计划\行业专题研究\行研报告\美容和个人护理-行业研究\美容和个人护理（已处理）\美容工具和配件\美容工具和配件竞品分析底表-市场大盘v1.xlsx
功效面部护肤,尺码,足部、手部和指甲护理,规格,足部、手部和指甲护理,,0,,364,,0,0,,Z:\主线任务2-天眼计划\行业专题研究\行研报告\美容和个人护理-行业研究\美容和个人护理（已处理）\足部、手部和指甲护理\足部、手部和指甲护理竞品分析底表-市场大盘v1.xlsx
功效面部护肤,照明组件,护肤与个护,照明组件,沙龙和水疗设备,,354.95,5,1,1,100,0,MAINENG,Z:\主线任务2-天眼计划\行业专题研究\行研报告\美容和个人护理-行业研究\美容和个人护理（已处理）\沙龙和水疗设备\沙龙和水疗设备竞品分析底表-市场大盘v1.xlsx
功效面部护肤,美容,护肤与个护,功效,沙龙和水疗设备,,0,,339,,0,0,,Z:\主线任务2-天眼计划\行业专题研究\行研报告\美容和个人护理-行业研究\美容和个人护理（已处理）\沙龙和水疗设备\沙龙和水疗设备竞品分析底表-市场大盘v1.xlsx
香水/香氛,花香,香水,产品特性,香水,,0,,330,,0,0,,Z:\主线任务2-天眼计划\行业专题研究\行研报告\美容和个人护理-行业研究\美容和个人护理（已处理）\香水\香水竞品分析底表-市场大盘v1.xlsx
功效面部护肤,专业,足部、手部和指甲护理,使用场景,足部、手部和指甲护理,,0,,317,,0,0,,Z:\主线任务2-天眼计划\行业专题研究\行研报告\美容和个人护理-行业研究\美容和个人护理（已处理）\足部、手部和指甲护理\足部、手部和指甲护理竞品分析底表-市场大盘v1.xlsx
功效面部护肤,水疗,护肤与个护,使用场景,沙龙和水疗设备,,0,,314,,0,0,,Z:\主线任务2-天眼计划\行业专题研究\行研报告\美容和个人护理-行业研究\美容和个人护理（已处理）\沙龙和水疗设备\沙龙和水疗设备竞品分析底表-市场大盘v1.xlsx
男士剃须/理容,电动,剃须和脱毛,产品特性,剃须和脱毛,,0,,310,,0,0,,Z:\主线任务2-天眼计划\行业专题研究\行研报告\美容和个人护理-行业研究\美容和个人护理（已处理）\剃须和脱毛\剃须和脱毛竞品分析底表-市场大盘v1.xlsx
功效面部护肤,水疗,护肤与个护,使用场景,沙龙和水疗设备,,0,,309,,0,0,,Z:\主线任务2-天眼计划\行业专题研究\行研报告\美容和个人护理-行业研究\美容和个人护理（已处理）\沙龙和水疗设备\沙龙和水疗设备竞品分析底表-市场大盘v1.xlsx
男士剃须/理容,身体,剃须和脱毛,使用场景,剃须和脱毛,,0,,308,,0,0,,Z:\主线任务2-天眼计划\行业专题研究\行研报告\美容和个人护理-行业研究\美容和个人护理（已处理）\剃须和脱毛\剃须和脱毛竞品分析底表-市场大盘v1.xlsx
功效面部护肤,沙龙,护肤与个护,使用场景,沙龙和水疗设备,,0,,286,,0,0,,Z:\主线任务2-天眼计划\行业专题研究\行研报告\美容和个人护理-行业研究\美容和个人护理（已处理）\沙龙和水疗设备\沙龙和水疗设备竞品分析底表-市场大盘v1.xlsx
男士剃须/理容,面部,剃须和脱毛,使用场景,剃须和脱毛,,0,,266,,0,0,,Z:\主线任务2-天眼计划\行业专题研究\行研报告\美容和个人护理-行业研究\美容和个人护理（已处理）\剃须和脱毛\剃须和脱毛竞品分析底表-市场大盘v1.xlsx
男士剃须/理容,充电式,剃须和脱毛,产品特性,剃须和脱毛,,0,,247,,0,0,,Z:\主线任务2-天眼计划\行业专题研究\行研报告\美容和个人护理-行业研究\美容和个人护理（已处理）\剃须和脱毛\剃须和脱毛竞品分析底表-市场大盘v1.xlsx
功效面部护肤,天然,头发护理,产品特性,头发护理,,0,,247,,0,0,,Z:\主线任务2-天眼计划\行业专题研究\行研报告\美容和个人护理-行业研究\美容和个人护理（已处理）\头发护理\头发护理竞品分析底表-市场大盘v1.xlsx
香水/香氛,木质,香水,产品特性,香水,,0,,229,,0,0,,Z:\主线任务2-天眼计划\行业专题研究\行研报告\美容和个人护理-行业研究\美容和个人护理（已处理）\香水\香水竞品分析底表-市场大盘v1.xlsx
功效面部护肤,美容,护肤与个护,功效,沙龙和水疗设备,,0,,226,,0,0,,Z:\主线任务2-天眼计划\行业专题研究\行研报告\美容和个人护理-行业研究\美容和个人护理（已处理）\沙龙和水疗设备\沙龙和水疗设备竞品分析底表-市场大盘v1.xlsx
香水/香氛,持久留香,香水,功效,香水,,0,,226,,0,0,,Z:\主线任务2-天眼计划\行业专题研究\行研报告\美容和个人护理-行业研究\美容和个人护理（已处理）\香水\香水竞品分析底表-市场大盘v1.xlsx
男士剃须/理容,光滑,剃须和脱毛,功效,剃须和脱毛,,0,,224,,0,0,,Z:\主线任务2-天眼计划\行业专题研究\行研报告\美容和个人护理-行业研究\美容和个人护理（已处理）\剃须和脱毛\剃须和脱毛竞品分析底表-市场大盘v1.xlsx
功效面部护肤,套装,足部、手部和指甲护理,规格,足部、手部和指甲护理,,0,,221,,0,0,,Z:\主线任务2-天眼计划\行业专题研究\行研报告\美容和个人护理-行业研究\美容和个人护理（已处理）\足部、手部和指甲护理\足部、手部和指甲护理竞品分析底表-市场大盘v1.xlsx
香水/香氛,持久留香,香水,功效,香水,,0,,215,,0,0,,Z:\主线任务2-天眼计划\行业专题研究\行研报告\美容和个人护理-行业研究\美容和个人护理（已处理）\香水\香水竞品分析底表-市场大盘v1.xlsx
功效面部护肤,持久,足部、手部和指甲护理,产品特性,足部、手部和指甲护理,,0,,205,,0,0,,Z:\主线任务2-天眼计划\行业专题研究\行研报告\美容和个人护理-行业研究\美容和个人护理（已处理）\足部、手部和指甲护理\足部、手部和指甲护理竞品分析底表-市场大盘v1.xlsx
功效面部护肤,沙龙,护肤与个护,使用场景,沙龙和水疗设备,,0,,203,,0,0,,Z:\主线任务2-天眼计划\行业专题研究\行研报告\美容和个人护理-行业研究\美容和个人护理（已处理）\沙龙和水疗设备\沙龙和水疗设备竞品分析底表-市场大盘v1.xlsx
功效面部护肤,保湿,足部、手部和指甲护理,功效,足部、手部和指甲护理,,0,,201,,0,0,,Z:\主线任务2-天眼计划\行业专题研究\行研报告\美容和个人护理-行业研究\美容和个人护理（已处理）\足部、手部和指甲护理\足部、手部和指甲护理竞品分析底表-市场大盘v1.xlsx
功效面部护肤,光泽,头发护理,功效,头发护理,,0,,200,,0,0,,Z:\主线任务2-天眼计划\行业专题研究\行研报告\美容和个人护理-行业研究\美容和个人护理（已处理）\头发护理\头发护理竞品分析底表-市场大盘v1.xlsx
功效面部护肤,家庭保险箱和安全附件,护肤与个护,家庭保险箱和安全附件,沙龙和水疗设备,,194.85,15,1,1,100,0,Charmonic,Z:\主线任务2-天眼计划\行业专题研究\行研报告\美容和个人护理-行业研究\美容和个人护理（已处理）\沙龙和水疗设备\沙龙和水疗设备竞品分析底表-市场大盘v1.xlsx
美容工具/仪器,充电式,护肤与个护,产品特性,美容工具和配件,,0,,190,,0,0,,Z:\主线任务2-天眼计划\行业专题研究\行研报告\美容和个人护理-行业研究\美容和个人护理（已处理）\美容工具和配件\美容工具和配件竞品分析底表-市场大盘v1.xlsx
香水/香氛,麝香,香水,产品特性,香水,,0,,185,,0,0,,Z:\主线任务2-天眼计划\行业专题研究\行研报告\美容和个人护理-行业研究\美容和个人护理（已处理）\香水\香水竞品分析底表-市场大盘v1.xlsx
男士剃须/理容,充电式,剃须和脱毛,产品特性,剃须和脱毛,,0,,175,,0,0,,Z:\主线任务2-天眼计划\行业专题研究\行研报告\美容和个人护理-行业研究\美容和个人护理（已处理）\剃须和脱毛\剃须和脱毛竞品分析底表-市场大盘v1.xlsx
男士剃须/理容,光滑,剃须和脱毛,功效,剃须和脱毛,,0,,166,,0,0,,Z:\主线任务2-天眼计划\行业专题研究\行研报告\美容和个人护理-行业研究\美容和个人护理（已处理）\剃须和脱毛\剃须和脱毛竞品分析底表-市场大盘v1.xlsx
功效面部护肤,美容,护肤与个护,功效,沙龙和水疗设备,,0,,162,,0,0,,Z:\主线任务2-天眼计划\行业专题研究\行研报告\美容和个人护理-行业研究\美容和个人护理（已处理）\沙龙和水疗设备\沙龙和水疗设备竞品分析底表-市场大盘v1.xlsx
香水/香氛,旅行,香水,使用场景,香水,,0,,161,,0,0,,Z:\主线任务2-天眼计划\行业专题研究\行研报告\美容和个人护理-行业研究\美容和个人护理（已处理）\香水\香水竞品分析底表-市场大盘v1.xlsx
美甲/手足护理,美甲沙龙,足部、手部和指甲护理,使用场景,足部、手部和指甲护理,,0,,150,,0,0,,Z:\主线任务2-天眼计划\行业专题研究\行研报告\美容和个人护理-行业研究\美容和个人护理（已处理）\足部、手部和指甲护理\足部、手部和指甲护理竞品分析底表-市场大盘v1.xlsx
香水/香氛,清新,香水,功效,香水,,0,,149,,0,0,,Z:\主线任务2-天眼计划\行业专题研究\行研报告\美容和个人护理-行业研究\美容和个人护理（已处理）\香水\香水竞品分析底表-市场大盘v1.xlsx
美容工具/仪器,旅行,护肤与个护,使用场景,美容工具和配件,,0,,144,,0,0,,Z:\主线任务2-天眼计划\行业专题研究\行研报告\美容和个人护理-行业研究\美容和个人护理（已处理）\美容工具和配件\美容工具和配件竞品分析底表-市场大盘v1.xlsx
香水/香氛,果香,香水,产品特性,香水,,0,,144,,0,0,,Z:\主线任务2-天眼计划\行业专题研究\行研报告\美容和个人护理-行业研究\美容和个人护理（已处理）\香水\香水竞品分析底表-市场大盘v1.xlsx
功效面部护肤,持久,护肤与个护,功效,化妆,,0,,140,,0,0,,Z:\主线任务2-天眼计划\行业专题研究\行研报告\美容和个人护理-行业研究\美容和个人护理（已处理）\化妆\化妆竞品分析底表-市场大盘v1.xlsx
口腔护理,矫正,美妆个护综合,使用场景,口腔护理产品,,0,,132,,0,0,,Z:\主线任务2-天眼计划\行业专题研究\行研报告\健康与家庭-行业报告 V2.0\健康与家庭底表（已处理）\口腔护理产品\口腔护理产品竞品分析底表-市场大盘v1.xlsx
功效面部护肤,保湿,护肤与个护,功效,化妆,,0,,131,,0,0,,Z:\主线任务2-天眼计划\行业专题研究\行研报告\美容和个人护理-行业研究\美容和个人护理（已处理）\化妆\化妆竞品分析底表-市场大盘v1.xlsx
功效面部护肤,哑光,护肤与个护,功效,化妆,,0,,127,,0,0,,Z:\主线任务2-天眼计划\行业专题研究\行研报告\美容和个人护理-行业研究\美容和个人护理（已处理）\化妆\化妆竞品分析底表-市场大盘v1.xlsx
男士剃须/理容,剃须和脱毛产品,护肤与个护,剃须和脱毛产品,沙龙和水疗设备,,125.91,9,1,1,0,0,BarberMate,Z:\主线任务2-天眼计划\行业专题研究\行研报告\美容和个人护理-行业研究\美容和个人护理（已处理）\沙龙和水疗设备\沙龙和水疗设备竞品分析底表-市场大盘v1.xlsx
功效面部护肤,速干,足部、手部和指甲护理,产品特性,足部、手部和指甲护理,,0,,124,,0,0,,Z:\主线任务2-天眼计划\行业专题研究\行研报告\美容和个人护理-行业研究\美容和个人护理（已处理）\足部、手部和指甲护理\足部、手部和指甲护理竞品分析底表-市场大盘v1.xlsx
功效面部护肤,旅行,护肤与个护,使用场景,个人护理产品,,0,,121,,0,0,,Z:\主线任务2-天眼计划\行业专题研究\行研报告\健康与家庭-行业报告 V2.0\健康与家庭底表（已处理）\个人护理产品\个人护理产品竞品分析底表-市场大盘v1.xlsx
功效面部护肤,旅行,个人护理,使用场景,个人护理,,0,,121,,0,0,,Z:\主线任务2-天眼计划\行业专题研究\行研报告\美容和个人护理-行业研究\美容和个人护理（已处理）\个人护理\个人护理竞品分析底表-市场大盘v1.xlsx
功效面部护肤,天然,足部、手部和指甲护理,产品特性,足部、手部和指甲护理,,0,,120,,0,0,,Z:\主线任务2-天眼计划\行业专题研究\行研报告\美容和个人护理-行业研究\美容和个人护理（已处理）\足部、手部和指甲护理\足部、手部和指甲护理竞品分析底表-市场大盘v1.xlsx
功效面部护肤,水疗,护肤与个护,使用场景,沙龙和水疗设备,,0,,119,,0,0,,Z:\主线任务2-天眼计划\行业专题研究\行研报告\美容和个人护理-行业研究\美容和个人护理（已处理）\沙龙和水疗设备\沙龙和水疗设备竞品分析底表-市场大盘v1.xlsx
美容工具/仪器,专业,护肤与个护,使用场景,美容工具和配件,,0,,119,,0,0,,Z:\主线任务2-天眼计划\行业专题研究\行研报告\美容和个人护理-行业研究\美容和个人护理（已处理）\美容工具和配件\美容工具和配件竞品分析底表-市场大盘v1.xlsx
功效面部护肤,天然,头发护理,产品特性,头发护理,,0,,114,,0,0,,Z:\主线任务2-天眼计划\行业专题研究\行研报告\美容和个人护理-行业研究\美容和个人护理（已处理）\头发护理\头发护理竞品分析底表-市场大盘v1.xlsx
男士剃须/理容,便携,剃须和脱毛,产品特性,剃须和脱毛,,0,,112,,0,0,,Z:\主线任务2-天眼计划\行业专题研究\行研报告\美容和个人护理-行业研究\美容和个人护理（已处理）\剃须和脱毛\剃须和脱毛竞品分析底表-市场大盘v1.xlsx
香水/香氛,送礼,香水,使用场景,香水,,0,,112,,0,0,,Z:\主线任务2-天眼计划\行业专题研究\行研报告\美容和个人护理-行业研究\美容和个人护理（已处理）\香水\香水竞品分析底表-市场大盘v1.xlsx
功效面部护肤,装数,护肤与个护,规格,个人护理产品,,0,,111,,0,0,,Z:\主线任务2-天眼计划\行业专题研究\行研报告\健康与家庭-行业报告 V2.0\健康与家庭底表（已处理）\个人护理产品\个人护理产品竞品分析底表-市场大盘v1.xlsx
男士剃须/理容,IPL,剃须和脱毛,产品特性,剃须和脱毛,,0,,109,,0,0,,Z:\主线任务2-天眼计划\行业专题研究\行研报告\美容和个人护理-行业研究\美容和个人护理（已处理）\剃须和脱毛\剃须和脱毛竞品分析底表-市场大盘v1.xlsx
美容工具/仪器,LED,护肤与个护,产品特性,美容工具和配件,,0,,109,,0,0,,Z:\主线任务2-天眼计划\行业专题研究\行研报告\美容和个人护理-行业研究\美容和个人护理（已处理）\美容工具和配件\美容工具和配件竞品分析底表-市场大盘v1.xlsx
美容工具/仪器,充电式,护肤与个护,产品特性,美容工具和配件,,0,,109,,0,0,,Z:\主线任务2-天眼计划\行业专题研究\行研报告\美容和个人护理-行业研究\美容和个人护理（已处理）\美容工具和配件\美容工具和配件竞品分析底表-市场大盘v1.xlsx
口腔护理,日常,美妆个护综合,使用场景,口腔护理产品,,0,,106,,0,0,,Z:\主线任务2-天眼计划\行业专题研究\行研报告\健康与家庭-行业报告 V2.0\健康与家庭底表（已处理）\口腔护理产品\口腔护理产品竞品分析底表-市场大盘v1.xlsx
身体/沐浴/除臭,沐浴,美妆个护综合,使用场景,手工美容与仪容,,0,,106,,0,0,,Z:\主线任务2-天眼计划\行业专题研究\行研报告\手工制品-行业研究\手工美容与仪容竞品分析底表-市场大盘v1.xlsx
功效面部护肤,可调节,护肤与个护,产品特性,沙龙和水疗设备,,0,,104,,0,0,,Z:\主线任务2-天眼计划\行业专题研究\行研报告\美容和个人护理-行业研究\美容和个人护理（已处理）\沙龙和水疗设备\沙龙和水疗设备竞品分析底表-市场大盘v1.xlsx
功效面部护肤,天然,美妆个护综合,产品特性,手工美容与仪容,,0,,103,,0,0,,Z:\主线任务2-天眼计划\行业专题研究\行研报告\手工制品-行业研究\手工美容与仪容竞品分析底表-市场大盘v1.xlsx
功效面部护肤,天然,美妆个护综合,功效,手工美容与仪容,,0,,103,,0,0,,Z:\主线任务2-天眼计划\行业专题研究\行研报告\手工制品-行业研究\手工美容与仪容竞品分析底表-市场大盘v1.xlsx
男士剃须/理容,快速,剃须和脱毛,功效,剃须和脱毛,,0,,103,,0,0,,Z:\主线任务2-天眼计划\行业专题研究\行研报告\美容和个人护理-行业研究\美容和个人护理（已处理）\剃须和脱毛\剃须和脱毛竞品分析底表-市场大盘v1.xlsx
香水/香氛,麝香,香水,产品特性,香水,,0,,103,,0,0,,Z:\主线任务2-天眼计划\行业专题研究\行研报告\美容和个人护理-行业研究\美容和个人护理（已处理）\香水\香水竞品分析底表-市场大盘v1.xlsx
功效面部护肤,修复,足部、手部和指甲护理,功效,足部、手部和指甲护理,,0,,102,,0,0,,Z:\主线任务2-天眼计划\行业专题研究\行研报告\美容和个人护理-行业研究\美容和个人护理（已处理）\足部、手部和指甲护理\足部、手部和指甲护理竞品分析底表-市场大盘v1.xlsx
口腔护理,声波,美妆个护综合,产品特性,口腔护理产品,,0,,101,,0,0,,Z:\主线任务2-天眼计划\行业专题研究\行研报告\健康与家庭-行业报告 V2.0\健康与家庭底表（已处理）\口腔护理产品\口腔护理产品竞品分析底表-市场大盘v1.xlsx
男士剃须/理容,温和,剃须和脱毛,功效,剃须和脱毛,,0,,101,,0,0,,Z:\主线任务2-天眼计划\行业专题研究\行研报告\美容和个人护理-行业研究\美容和个人护理（已处理）\剃须和脱毛\剃须和脱毛竞品分析底表-市场大盘v1.xlsx
功效面部护肤,纯素,护肤与个护,产品特性,化妆,,0,,101,,0,0,,Z:\主线任务2-天眼计划\行业专题研究\行研报告\美容和个人护理-行业研究\美容和个人护理（已处理）\化妆\化妆竞品分析底表-市场大盘v1.xlsx
香水/香氛,送礼,香水,使用场景,香水,,0,,101,,0,0,,Z:\主线任务2-天眼计划\行业专题研究\行研报告\美容和个人护理-行业研究\美容和个人护理（已处理）\香水\香水竞品分析底表-市场大盘v1.xlsx
美容工具/仪器,家用,护肤与个护,使用场景,美容工具和配件,,0,,100,,0,0,,Z:\主线任务2-天眼计划\行业专题研究\行研报告\美容和个人护理-行业研究\美容和个人护理（已处理）\美容工具和配件\美容工具和配件竞品分析底表-市场大盘v1.xlsx
美容工具/仪器,专业,护肤与个护,使用场景,美容工具和配件,,0,,100,,0,0,,Z:\主线任务2-天眼计划\行业专题研究\行研报告\美容和个人护理-行业研究\美容和个人护理（已处理）\美容工具和配件\美容工具和配件竞品分析底表-市场大盘v1.xlsx
美容工具/仪器,便携,护肤与个护,产品特性,美容工具和配件,,0,,100,,0,0,,Z:\主线任务2-天眼计划\行业专题研究\行研报告\美容和个人护理-行业研究\美容和个人护理（已处理）\美容工具和配件\美容工具和配件竞品分析底表-市场大盘v1.xlsx
口腔护理,旅行,美妆个护综合,使用场景,口腔护理产品,,0,,96,,0,0,,Z:\主线任务2-天眼计划\行业专题研究\行研报告\健康与家庭-行业报告 V2.0\健康与家庭底表（已处理）\口腔护理产品\口腔护理产品竞品分析底表-市场大盘v1.xlsx
功效面部护肤,套装,护肤与个护,规格,礼品套装,,0,,95,,0,0,,Z:\主线任务2-天眼计划\行业专题研究\行研报告\美容和个人护理-行业研究\美容和个人护理（已处理）\礼品套装\礼品套装竞品分析底表-市场大盘v1.xlsx
功效面部护肤,修复,足部、手部和指甲护理,功效,足部、手部和指甲护理,,0,,95,,0,0,,Z:\主线任务2-天眼计划\行业专题研究\行研报告\美容和个人护理-行业研究\美容和个人护理（已处理）\足部、手部和指甲护理\足部、手部和指甲护理竞品分析底表-市场大盘v1.xlsx
功效面部护肤,LED光疗,足部、手部和指甲护理,产品特性,足部、手部和指甲护理,,0,,93,,0,0,,Z:\主线任务2-天眼计划\行业专题研究\行研报告\美容和个人护理-行业研究\美容和个人护理（已处理）\足部、手部和指甲护理\足部、手部和指甲护理竞品分析底表-市场大盘v1.xlsx
香水/香氛,木质,香水,产品特性,香水,,0,,92,,0,0,,Z:\主线任务2-天眼计划\行业专题研究\行研报告\美容和个人护理-行业研究\美容和个人护理（已处理）\香水\香水竞品分析底表-市场大盘v1.xlsx
功效面部护肤,套装,护肤与个护,规格,化妆,,0,,91,,0,0,,Z:\主线任务2-天眼计划\行业专题研究\行研报告\美容和个人护理-行业研究\美容和个人护理（已处理）\化妆\化妆竞品分析底表-市场大盘v1.xlsx
男士剃须/理容,舒缓,剃须和脱毛,功效,剃须和脱毛,,0,,90,,0,0,,Z:\主线任务2-天眼计划\行业专题研究\行研报告\美容和个人护理-行业研究\美容和个人护理（已处理）\剃须和脱毛\剃须和脱毛竞品分析底表-市场大盘v1.xlsx
美容工具/仪器,LED,护肤与个护,产品特性,美容工具和配件,,0,,89,,0,0,,Z:\主线任务2-天眼计划\行业专题研究\行研报告\美容和个人护理-行业研究\美容和个人护理（已处理）\美容工具和配件\美容工具和配件竞品分析底表-市场大盘v1.xlsx
功效面部护肤,便携,护肤与个护,产品特性,沙龙和水疗设备,,0,,88,,0,0,,Z:\主线任务2-天眼计划\行业专题研究\行研报告\美容和个人护理-行业研究\美容和个人护理（已处理）\沙龙和水疗设备\沙龙和水疗设备竞品分析底表-市场大盘v1.xlsx
功效面部护肤,天然,足部、手部和指甲护理,产品特性,足部、手部和指甲护理,,0,,88,,0,0,,Z:\主线任务2-天眼计划\行业专题研究\行研报告\美容和个人护理-行业研究\美容和个人护理（已处理）\足部、手部和指甲护理\足部、手部和指甲护理竞品分析底表-市场大盘v1.xlsx
男士剃须/理容,腿部,剃须和脱毛,使用场景,剃须和脱毛,,0,,87,,0,0,,Z:\主线任务2-天眼计划\行业专题研究\行研报告\美容和个人护理-行业研究\美容和个人护理（已处理）\剃须和脱毛\剃须和脱毛竞品分析底表-市场大盘v1.xlsx
美容工具/仪器,旅行,护肤与个护,使用场景,美容工具和配件,,0,,86,,0,0,,Z:\主线任务2-天眼计划\行业专题研究\行研报告\美容和个人护理-行业研究\美容和个人护理（已处理）\美容工具和配件\美容工具和配件竞品分析底表-市场大盘v1.xlsx
男士剃须/理容,电池续航,剃须和脱毛,规格,剃须和脱毛,,0,,84,,0,0,,Z:\主线任务2-天眼计划\行业专题研究\行研报告\美容和个人护理-行业研究\美容和个人护理（已处理）\剃须和脱毛\剃须和脱毛竞品分析底表-市场大盘v1.xlsx
口腔护理,深度清洁,美妆个护综合,功效,口腔护理产品,,0,,79,,0,0,,Z:\主线任务2-天眼计划\行业专题研究\行研报告\健康与家庭-行业报告 V2.0\健康与家庭底表（已处理）\口腔护理产品\口腔护理产品竞品分析底表-市场大盘v1.xlsx
男士剃须/理容,温和,剃须和脱毛,功效,剃须和脱毛,,0,,79,,0,0,,Z:\主线任务2-天眼计划\行业专题研究\行研报告\美容和个人护理-行业研究\美容和个人护理（已处理）\剃须和脱毛\剃须和脱毛竞品分析底表-市场大盘v1.xlsx
香水/香氛,旅行,香水,使用场景,香水,,0,,77,,0,0,,Z:\主线任务2-天眼计划\行业专题研究\行研报告\美容和个人护理-行业研究\美容和个人护理（已处理）\香水\香水竞品分析底表-市场大盘v1.xlsx
口腔护理,尺寸,美妆个护综合,规格,口腔护理产品,,0,,76,,0,0,,Z:\主线任务2-天眼计划\行业专题研究\行研报告\健康与家庭-行业报告 V2.0\健康与家庭底表（已处理）\口腔护理产品\口腔护理产品竞品分析底表-市场大盘v1.xlsx
功效面部护肤,便携,护肤与个护,产品特性,沙龙和水疗设备,,0,,76,,0,0,,Z:\主线任务2-天眼计划\行业专题研究\行研报告\美容和个人护理-行业研究\美容和个人护理（已处理）\沙龙和水疗设备\沙龙和水疗设备竞品分析底表-市场大盘v1.xlsx
功效面部护肤,盘,护肤与个护,规格,化妆,,0,,75,,0,0,,Z:\主线任务2-天眼计划\行业专题研究\行研报告\美容和个人护理-行业研究\美容和个人护理（已处理）\化妆\化妆竞品分析底表-市场大盘v1.xlsx
功效面部护肤,旅行,足部、手部和指甲护理,使用场景,足部、手部和指甲护理,,0,,73,,0,0,,Z:\主线任务2-天眼计划\行业专题研究\行研报告\美容和个人护理-行业研究\美容和个人护理（已处理）\足部、手部和指甲护理\足部、手部和指甲护理竞品分析底表-市场大盘v1.xlsx
功效面部护肤,容量,护肤与个护,规格,化妆,,0,,72,,0,0,,Z:\主线任务2-天眼计划\行业专题研究\行研报告\美容和个人护理-行业研究\美容和个人护理（已处理）\化妆\化妆竞品分析底表-市场大盘v1.xlsx
功效面部护肤,旅行,足部、手部和指甲护理,使用场景,足部、手部和指甲护理,,0,,72,,0,0,,Z:\主线任务2-天眼计划\行业专题研究\行研报告\美容和个人护理-行业研究\美容和个人护理（已处理）\足部、手部和指甲护理\足部、手部和指甲护理竞品分析底表-市场大盘v1.xlsx
美容工具/仪器,家用,护肤与个护,使用场景,美容工具和配件,,0,,71,,0,0,,Z:\主线任务2-天眼计划\行业专题研究\行研报告\美容和个人护理-行业研究\美容和个人护理（已处理）\美容工具和配件\美容工具和配件竞品分析底表-市场大盘v1.xlsx
功效面部护肤,防水,护肤与个护,功效,化妆,,0,,70,,0,0,,Z:\主线任务2-天眼计划\行业专题研究\行研报告\美容和个人护理-行业研究\美容和个人护理（已处理）\化妆\化妆竞品分析底表-市场大盘v1.xlsx
美容工具/仪器,美容,护肤与个护,功效,美容工具和配件,,0,,69,,0,0,,Z:\主线任务2-天眼计划\行业专题研究\行研报告\美容和个人护理-行业研究\美容和个人护理（已处理）\美容工具和配件\美容工具和配件竞品分析底表-市场大盘v1.xlsx
男士剃须/理容,比基尼,剃须和脱毛,使用场景,剃须和脱毛,,0,,68,,0,0,,Z:\主线任务2-天眼计划\行业专题研究\行研报告\美容和个人护理-行业研究\美容和个人护理（已处理）\剃须和脱毛\剃须和脱毛竞品分析底表-市场大盘v1.xlsx
功效面部护肤,天然,护肤与个护,产品特性,个人护理产品,,0,,67,,0,0,,Z:\主线任务2-天眼计划\行业专题研究\行研报告\健康与家庭-行业报告 V2.0\健康与家庭底表（已处理）\个人护理产品\个人护理产品竞品分析底表-市场大盘v1.xlsx
功效面部护肤,手工,美妆个护综合,产品特性,手工美容与仪容,,0,,67,,0,0,,Z:\主线任务2-天眼计划\行业专题研究\行研报告\手工制品-行业研究\手工美容与仪容竞品分析底表-市场大盘v1.xlsx
功效面部护肤,天然,个人护理,产品特性,个人护理,,0,,67,,0,0,,Z:\主线任务2-天眼计划\行业专题研究\行研报告\美容和个人护理-行业研究\美容和个人护理（已处理）\个人护理\个人护理竞品分析底表-市场大盘v1.xlsx
男士剃须/理容,激光,剃须和脱毛,产品特性,剃须和脱毛,,0,,67,,0,0,,Z:\主线任务2-天眼计划\行业专题研究\行研报告\美容和个人护理-行业研究\美容和个人护理（已处理）\剃须和脱毛\剃须和脱毛竞品分析底表-市场大盘v1.xlsx
功效面部护肤,套装,护肤与个护,规格,化妆,,0,,67,,0,0,,Z:\主线任务2-天眼计划\行业专题研究\行研报告\美容和个人护理-行业研究\美容和个人护理（已处理）\化妆\化妆竞品分析底表-市场大盘v1.xlsx
美容工具/仪器,便携,护肤与个护,产品特性,美容工具和配件,,0,,66,,0,0,,Z:\主线任务2-天眼计划\行业专题研究\行研报告\美容和个人护理-行业研究\美容和个人护理（已处理）\美容工具和配件\美容工具和配件竞品分析底表-市场大盘v1.xlsx
功效面部护肤,专业,护肤与个护,使用场景,沙龙和水疗设备,,0,,65,,0,0,,Z:\主线任务2-天眼计划\行业专题研究\行研报告\美容和个人护理-行业研究\美容和个人护理（已处理）\沙龙和水疗设备\沙龙和水疗设备竞品分析底表-市场大盘v1.xlsx
美容工具/仪器,射频,护肤与个护,产品特性,美容工具和配件,,0,,64,,0,0,,Z:\主线任务2-天眼计划\行业专题研究\行研报告\美容和个人护理-行业研究\美容和个人护理（已处理）\美容工具和配件\美容工具和配件竞品分析底表-市场大盘v1.xlsx
功效面部护肤,天然,足部、手部和指甲护理,产品特性,足部、手部和指甲护理,,0,,64,,0,0,,Z:\主线任务2-天眼计划\行业专题研究\行研报告\美容和个人护理-行业研究\美容和个人护理（已处理）\足部、手部和指甲护理\足部、手部和指甲护理竞品分析底表-市场大盘v1.xlsx
功效面部护肤,蓬松,头发护理,功效,头发护理,,0,,62,,0,0,,Z:\主线任务2-天眼计划\行业专题研究\行研报告\美容和个人护理-行业研究\美容和个人护理（已处理）\头发护理\头发护理竞品分析底表-市场大盘v1.xlsx
功效面部护肤,送礼,护肤与个护,使用场景,礼品套装,,0,,61,,0,0,,Z:\主线任务2-天眼计划\行业专题研究\行研报告\美容和个人护理-行业研究\美容和个人护理（已处理）\礼品套装\礼品套装竞品分析底表-市场大盘v1.xlsx
美容工具/仪器,射频,护肤与个护,产品特性,美容工具和配件,,0,,61,,0,0,,Z:\主线任务2-天眼计划\行业专题研究\行研报告\美容和个人护理-行业研究\美容和个人护理（已处理）\美容工具和配件\美容工具和配件竞品分析底表-市场大盘v1.xlsx
男士剃须/理容,便携,剃须和脱毛,产品特性,剃须和脱毛,,0,,60,,0,0,,Z:\主线任务2-天眼计划\行业专题研究\行研报告\美容和个人护理-行业研究\美容和个人护理（已处理）\剃须和脱毛\剃须和脱毛竞品分析底表-市场大盘v1.xlsx
口腔护理,旅行,美妆个护综合,使用场景,口腔护理产品,,0,,59,,0,0,,Z:\主线任务2-天眼计划\行业专题研究\行研报告\健康与家庭-行业报告 V2.0\健康与家庭底表（已处理）\口腔护理产品\口腔护理产品竞品分析底表-市场大盘v1.xlsx
功效面部护肤,专业,护肤与个护,使用场景,沙龙和水疗设备,,0,,59,,0,0,,Z:\主线任务2-天眼计划\行业专题研究\行研报告\美容和个人护理-行业研究\美容和个人护理（已处理）\沙龙和水疗设备\沙龙和水疗设备竞品分析底表-市场大盘v1.xlsx
功效面部护肤,容量,护肤与个护,规格,礼品套装,,0,,59,,0,0,,Z:\主线任务2-天眼计划\行业专题研究\行研报告\美容和个人护理-行业研究\美容和个人护理（已处理）\礼品套装\礼品套装竞品分析底表-市场大盘v1.xlsx
口腔护理,日常,美妆个护综合,使用场景,口腔护理产品,,0,,57,,0,0,,Z:\主线任务2-天眼计划\行业专题研究\行研报告\健康与家庭-行业报告 V2.0\健康与家庭底表（已处理）\口腔护理产品\口腔护理产品竞品分析底表-市场大盘v1.xlsx
功效面部护肤,保湿,皮肤护理,功效,皮肤护理,,0,,57,,0,0,,Z:\主线任务2-天眼计划\行业专题研究\行研报告\美容和个人护理-行业研究\美容和个人护理（已处理）\皮肤护理\皮肤护理竞品分析底表-市场大盘v1.xlsx
功效面部护肤,旅行,足部、手部和指甲护理,使用场景,足部、手部和指甲护理,,0,,57,,0,0,,Z:\主线任务2-天眼计划\行业专题研究\行研报告\美容和个人护理-行业研究\美容和个人护理（已处理）\足部、手部和指甲护理\足部、手部和指甲护理竞品分析底表-市场大盘v1.xlsx
男士剃须/理容,男士,剃须和脱毛,使用场景,剃须和脱毛,,0,,56,,0,0,,Z:\主线任务2-天眼计划\行业专题研究\行研报告\美容和个人护理-行业研究\美容和个人护理（已处理）\剃须和脱毛\剃须和脱毛竞品分析底表-市场大盘v1.xlsx
功效面部护肤,防水,护肤与个护,功效,化妆,,0,,56,,0,0,,Z:\主线任务2-天眼计划\行业专题研究\行研报告\美容和个人护理-行业研究\美容和个人护理（已处理）\化妆\化妆竞品分析底表-市场大盘v1.xlsx
功效面部护肤,专业,护肤与个护,使用场景,沙龙和水疗设备,,0,,56,,0,0,,Z:\主线任务2-天眼计划\行业专题研究\行研报告\美容和个人护理-行业研究\美容和个人护理（已处理）\沙龙和水疗设备\沙龙和水疗设备竞品分析底表-市场大盘v1.xlsx
功效面部护肤,装数,护肤与个护,规格,个人护理产品,,0,,55,,0,0,,Z:\主线任务2-天眼计划\行业专题研究\行研报告\健康与家庭-行业报告 V2.0\健康与家庭底表（已处理）\个人护理产品\个人护理产品竞品分析底表-市场大盘v1.xlsx
功效面部护肤,容量,头发护理,规格,头发护理,,0,,55,,0,0,,Z:\主线任务2-天眼计划\行业专题研究\行研报告\美容和个人护理-行业研究\美容和个人护理（已处理）\头发护理\头发护理竞品分析底表-市场大盘v1.xlsx
功效面部护肤,套装,皮肤护理,规格,皮肤护理,,0,,55,,0,0,,Z:\主线任务2-天眼计划\行业专题研究\行研报告\美容和个人护理-行业研究\美容和个人护理（已处理）\皮肤护理\皮肤护理竞品分析底表-市场大盘v1.xlsx
男士剃须/理容,男士,剃须和脱毛,使用场景,剃须和脱毛,,0,,53,,0,0,,Z:\主线任务2-天眼计划\行业专题研究\行研报告\美容和个人护理-行业研究\美容和个人护理（已处理）\剃须和脱毛\剃须和脱毛竞品分析底表-市场大盘v1.xlsx
功效面部护肤,容量,足部、手部和指甲护理,规格,足部、手部和指甲护理,,0,,52,,0,0,,Z:\主线任务2-天眼计划\行业专题研究\行研报告\美容和个人护理-行业研究\美容和个人护理（已处理）\足部、手部和指甲护理\足部、手部和指甲护理竞品分析底表-市场大盘v1.xlsx
功效面部护肤,夜间,护肤与个护,使用场景,个人护理产品,,0,,50,,0,0,,Z:\主线任务2-天眼计划\行业专题研究\行研报告\健康与家庭-行业报告 V2.0\健康与家庭底表（已处理）\个人护理产品\个人护理产品竞品分析底表-市场大盘v1.xlsx
男士剃须/理容,快速,剃须和脱毛,功效,剃须和脱毛,,0,,50,,0,0,,Z:\主线任务2-天眼计划\行业专题研究\行研报告\美容和个人护理-行业研究\美容和个人护理（已处理）\剃须和脱毛\剃须和脱毛竞品分析底表-市场大盘v1.xlsx
功效面部护肤,电动,护肤与个护,产品特性,沙龙和水疗设备,,0,,49,,0,0,,Z:\主线任务2-天眼计划\行业专题研究\行研报告\美容和个人护理-行业研究\美容和个人护理（已处理）\沙龙和水疗设备\沙龙和水疗设备竞品分析底表-市场大盘v1.xlsx
功效面部护肤,天然,皮肤护理,产品特性,皮肤护理,,0,,49,,0,0,,Z:\主线任务2-天眼计划\行业专题研究\行研报告\美容和个人护理-行业研究\美容和个人护理（已处理）\皮肤护理\皮肤护理竞品分析底表-市场大盘v1.xlsx
功效面部护肤,敏感肌,个人护理,使用场景,个人护理,,0,,48,,0,0,,Z:\主线任务2-天眼计划\行业专题研究\行研报告\美容和个人护理-行业研究\美容和个人护理（已处理）\个人护理\个人护理竞品分析底表-市场大盘v1.xlsx
美容工具/仪器,电池续航,护肤与个护,规格,美容工具和配件,,0,,48,,0,0,,Z:\主线任务2-天眼计划\行业专题研究\行研报告\美容和个人护理-行业研究\美容和个人护理（已处理）\美容工具和配件\美容工具和配件竞品分析底表-市场大盘v1.xlsx
美容工具/仪器,旅行,护肤与个护,使用场景,美容工具和配件,,0,,48,,0,0,,Z:\主线任务2-天眼计划\行业专题研究\行研报告\美容和个人护理-行业研究\美容和个人护理（已处理）\美容工具和配件\美容工具和配件竞品分析底表-市场大盘v1.xlsx
功效面部护肤,天然,足部、手部和指甲护理,产品特性,足部、手部和指甲护理,,0,,47,,0,0,,Z:\主线任务2-天眼计划\行业专题研究\行研报告\美容和个人护理-行业研究\美容和个人护理（已处理）\足部、手部和指甲护理\足部、手部和指甲护理竞品分析底表-市场大盘v1.xlsx
口腔护理,智能计时,美妆个护综合,产品特性,口腔护理产品,,0,,46,,0,0,,Z:\主线任务2-天眼计划\行业专题研究\行研报告\健康与家庭-行业报告 V2.0\健康与家庭底表（已处理）\口腔护理产品\口腔护理产品竞品分析底表-市场大盘v1.xlsx
功效面部护肤,有机,美妆个护综合,产品特性,手工美容与仪容,,0,,46,,0,0,,Z:\主线任务2-天眼计划\行业专题研究\行研报告\手工制品-行业研究\手工美容与仪容竞品分析底表-市场大盘v1.xlsx
功效面部护肤,家用,足部、手部和指甲护理,使用场景,足部、手部和指甲护理,,0,,46,,0,0,,Z:\主线任务2-天眼计划\行业专题研究\行研报告\美容和个人护理-行业研究\美容和个人护理（已处理）\足部、手部和指甲护理\足部、手部和指甲护理竞品分析底表-市场大盘v1.xlsx
功效面部护肤,旅行,护肤与个护,使用场景,个人护理产品,,0,,45,,0,0,,Z:\主线任务2-天眼计划\行业专题研究\行研报告\健康与家庭-行业报告 V2.0\健康与家庭底表（已处理）\个人护理产品\个人护理产品竞品分析底表-市场大盘v1.xlsx
功效面部护肤,旅行,个人护理,使用场景,个人护理,,0,,45,,0,0,,Z:\主线任务2-天眼计划\行业专题研究\行研报告\美容和个人护理-行业研究\美容和个人护理（已处理）\个人护理\个人护理竞品分析底表-市场大盘v1.xlsx
功效面部护肤,无毒,足部、手部和指甲护理,产品特性,足部、手部和指甲护理,,0,,44,,0,0,,Z:\主线任务2-天眼计划\行业专题研究\行研报告\美容和个人护理-行业研究\美容和个人护理（已处理）\足部、手部和指甲护理\足部、手部和指甲护理竞品分析底表-市场大盘v1.xlsx
身体/沐浴/除臭,浴室,护肤与个护,使用场景,沐浴产品,,0,,43,,0,0,,Z:\主线任务2-天眼计划\行业专题研究\行研报告\家庭和厨房-行业研究\沐浴产品竞品分析底表-市场大盘v1.xlsx
美容工具/仪器,便携,护肤与个护,产品特性,美容工具和配件,,0,,43,,0,0,,Z:\主线任务2-天眼计划\行业专题研究\行研报告\美容和个人护理-行业研究\美容和个人护理（已处理）\美容工具和配件\美容工具和配件竞品分析底表-市场大盘v1.xlsx
功效面部护肤,容量,个人护理,规格,个人护理,,0,,42,,0,0,,Z:\主线任务2-天眼计划\行业专题研究\行研报告\美容和个人护理-行业研究\美容和个人护理（已处理）\个人护理\个人护理竞品分析底表-市场大盘v1.xlsx
功效面部护肤,天然,护肤与个护,产品特性,化妆,,0,,42,,0,0,,Z:\主线任务2-天眼计划\行业专题研究\行研报告\美容和个人护理-行业研究\美容和个人护理（已处理）\化妆\化妆竞品分析底表-市场大盘v1.xlsx
功效面部护肤,专业,头发护理,使用场景,头发护理,,0,,42,,0,0,,Z:\主线任务2-天眼计划\行业专题研究\行研报告\美容和个人护理-行业研究\美容和个人护理（已处理）\头发护理\头发护理竞品分析底表-市场大盘v1.xlsx
功效面部护肤,套装,个人护理,规格,个人护理,,0,,41,,0,0,,Z:\主线任务2-天眼计划\行业专题研究\行研报告\美容和个人护理-行业研究\美容和个人护理（已处理）\个人护理\个人护理竞品分析底表-市场大盘v1.xlsx
功效面部护肤,沙龙,护肤与个护,使用场景,沙龙和水疗设备,,0,,41,,0,0,,Z:\主线任务2-天眼计划\行业专题研究\行研报告\美容和个人护理-行业研究\美容和个人护理（已处理）\沙龙和水疗设备\沙龙和水疗设备竞品分析底表-市场大盘v1.xlsx
功效面部护肤,专业,护肤与个护,使用场景,个人护理产品,,0,,40,,0,0,,Z:\主线任务2-天眼计划\行业专题研究\行研报告\健康与家庭-行业报告 V2.0\健康与家庭底表（已处理）\个人护理产品\个人护理产品竞品分析底表-市场大盘v1.xlsx
功效面部护肤,可调节,护肤与个护,产品特性,沙龙和水疗设备,,0,,40,,0,0,,Z:\主线任务2-天眼计划\行业专题研究\行研报告\美容和个人护理-行业研究\美容和个人护理（已处理）\沙龙和水疗设备\沙龙和水疗设备竞品分析底表-市场大盘v1.xlsx
功效面部护肤,便携,护肤与个护,产品特性,沙龙和水疗设备,,0,,40,,0,0,,Z:\主线任务2-天眼计划\行业专题研究\行研报告\美容和个人护理-行业研究\美容和个人护理（已处理）\沙龙和水疗设备\沙龙和水疗设备竞品分析底表-市场大盘v1.xlsx
口腔护理,尺寸,美妆个护综合,规格,口腔护理产品,,0,,39,,0,0,,Z:\主线任务2-天眼计划\行业专题研究\行研报告\健康与家庭-行业报告 V2.0\健康与家庭底表（已处理）\口腔护理产品\口腔护理产品竞品分析底表-市场大盘v1.xlsx
口腔护理,刷头数量,美妆个护综合,规格,口腔护理产品,,0,,39,,0,0,,Z:\主线任务2-天眼计划\行业专题研究\行研报告\健康与家庭-行业报告 V2.0\健康与家庭底表（已处理）\口腔护理产品\口腔护理产品竞品分析底表-市场大盘v1.xlsx
功效面部护肤,容量,头发护理,规格,头发护理,,0,,39,,0,0,,Z:\主线任务2-天眼计划\行业专题研究\行研报告\美容和个人护理-行业研究\美容和个人护理（已处理）\头发护理\头发护理竞品分析底表-市场大盘v1.xlsx
美容工具/仪器,LED,护肤与个护,产品特性,美容工具和配件,,0,,39,,0,0,,Z:\主线任务2-天眼计划\行业专题研究\行研报告\美容和个人护理-行业研究\美容和个人护理（已处理）\美容工具和配件\美容工具和配件竞品分析底表-市场大盘v1.xlsx
功效面部护肤,修复,头发护理,功效,头发护理,,0,,38,,0,0,,Z:\主线任务2-天眼计划\行业专题研究\行研报告\美容和个人护理-行业研究\美容和个人护理（已处理）\头发护理\头发护理竞品分析底表-市场大盘v1.xlsx
身体/沐浴/除臭,材质,护肤与个护,产品特性,沐浴产品,,0,,37,,0,0,,Z:\主线任务2-天眼计划\行业专题研究\行研报告\家庭和厨房-行业研究\沐浴产品竞品分析底表-市场大盘v1.xlsx
美容工具/仪器,专业,护肤与个护,使用场景,美容工具和配件,,0,,37,,0,0,,Z:\主线任务2-天眼计划\行业专题研究\行研报告\美容和个人护理-行业研究\美容和个人护理（已处理）\美容工具和配件\美容工具和配件竞品分析底表-市场大盘v1.xlsx
功效面部护肤,去角质,足部、手部和指甲护理,功效,足部、手部和指甲护理,,0,,37,,0,0,,Z:\主线任务2-天眼计划\行业专题研究\行研报告\美容和个人护理-行业研究\美容和个人护理（已处理）\足部、手部和指甲护理\足部、手部和指甲护理竞品分析底表-市场大盘v1.xlsx
口腔护理,防水,美妆个护综合,产品特性,口腔护理产品,,0,,36,,0,0,,Z:\主线任务2-天眼计划\行业专题研究\行研报告\健康与家庭-行业报告 V2.0\健康与家庭底表（已处理）\口腔护理产品\口腔护理产品竞品分析底表-市场大盘v1.xlsx
男士剃须/理容,永久脱毛,剃须和脱毛,功效,剃须和脱毛,,0,,36,,0,0,,Z:\主线任务2-天眼计划\行业专题研究\行研报告\美容和个人护理-行业研究\美容和个人护理（已处理）\剃须和脱毛\剃须和脱毛竞品分析底表-市场大盘v1.xlsx
功效面部护肤,纯素,护肤与个护,产品特性,化妆,,0,,36,,0,0,,Z:\主线任务2-天眼计划\行业专题研究\行研报告\美容和个人护理-行业研究\美容和个人护理（已处理）\化妆\化妆竞品分析底表-市场大盘v1.xlsx
功效面部护肤,专业,护肤与个护,使用场景,沙龙和水疗设备,,0,,36,,0,0,,Z:\主线任务2-天眼计划\行业专题研究\行研报告\美容和个人护理-行业研究\美容和个人护理（已处理）\沙龙和水疗设备\沙龙和水疗设备竞品分析底表-市场大盘v1.xlsx
香水/香氛,果香,香水,产品特性,香水,,0,,36,,0,0,,Z:\主线任务2-天眼计划\行业专题研究\行研报告\美容和个人护理-行业研究\美容和个人护理（已处理）\香水\香水竞品分析底表-市场大盘v1.xlsx
身体/沐浴/除臭,人体工学防滑,护肤与个护,产品特性,沐浴产品,,0,,35,,0,0,,Z:\主线任务2-天眼计划\行业专题研究\行研报告\家庭和厨房-行业研究\沐浴产品竞品分析底表-市场大盘v1.xlsx
功效面部护肤,套装,个人护理,规格,个人护理,,0,,35,,0,0,,Z:\主线任务2-天眼计划\行业专题研究\行研报告\美容和个人护理-行业研究\美容和个人护理（已处理）\个人护理\个人护理竞品分析底表-市场大盘v1.xlsx
功效面部护肤,有机,头发护理,产品特性,头发护理,,0,,35,,0,0,,Z:\主线任务2-天眼计划\行业专题研究\行研报告\美容和个人护理-行业研究\美容和个人护理（已处理）\头发护理\头发护理竞品分析底表-市场大盘v1.xlsx
功效面部护肤,家用,足部、手部和指甲护理,使用场景,足部、手部和指甲护理,,0,,35,,0,0,,Z:\主线任务2-天眼计划\行业专题研究\行研报告\美容和个人护理-行业研究\美容和个人护理（已处理）\足部、手部和指甲护理\足部、手部和指甲护理竞品分析底表-市场大盘v1.xlsx
香水/香氛,日常,香水,使用场景,香水,,0,,34,,0,0,,Z:\主线任务2-天眼计划\行业专题研究\行研报告\美容和个人护理-行业研究\美容和个人护理（已处理）\香水\香水竞品分析底表-市场大盘v1.xlsx
功效面部护肤,保湿,护肤与个护,功效,个人护理产品,,0,,33,,0,0,,Z:\主线任务2-天眼计划\行业专题研究\行研报告\健康与家庭-行业报告 V2.0\健康与家庭底表（已处理）\个人护理产品\个人护理产品竞品分析底表-市场大盘v1.xlsx
身体/沐浴/除臭,尺寸容量,护肤与个护,产品特性,沐浴产品,,0,,33,,0,0,,Z:\主线任务2-天眼计划\行业专题研究\行研报告\家庭和厨房-行业研究\沐浴产品竞品分析底表-市场大盘v1.xlsx
功效面部护肤,保湿,个人护理,功效,个人护理,,0,,33,,0,0,,Z:\主线任务2-天眼计划\行业专题研究\行研报告\美容和个人护理-行业研究\美容和个人护理（已处理）\个人护理\个人护理竞品分析底表-市场大盘v1.xlsx
男士剃须/理容,干剃,剃须和脱毛,产品特性,剃须和脱毛,,0,,33,,0,0,,Z:\主线任务2-天眼计划\行业专题研究\行研报告\美容和个人护理-行业研究\美容和个人护理（已处理）\剃须和脱毛\剃须和脱毛竞品分析底表-市场大盘v1.xlsx
功效面部护肤,滋养,足部、手部和指甲护理,功效,足部、手部和指甲护理,,0,,33,,0,0,,Z:\主线任务2-天眼计划\行业专题研究\行研报告\美容和个人护理-行业研究\美容和个人护理（已处理）\足部、手部和指甲护理\足部、手部和指甲护理竞品分析底表-市场大盘v1.xlsx
香水/香氛,花香,香水,产品特性,香水,,0,,33,,0,0,,Z:\主线任务2-天眼计划\行业专题研究\行研报告\美容和个人护理-行业研究\美容和个人护理（已处理）\香水\香水竞品分析底表-市场大盘v1.xlsx
口腔护理,日常,美妆个护综合,使用场景,口腔护理产品,,0,,32,,0,0,,Z:\主线任务2-天眼计划\行业专题研究\行研报告\健康与家庭-行业报告 V2.0\健康与家庭底表（已处理）\口腔护理产品\口腔护理产品竞品分析底表-市场大盘v1.xlsx
口腔护理,尺寸,美妆个护综合,规格,口腔护理产品,,0,,32,,0,0,,Z:\主线任务2-天眼计划\行业专题研究\行研报告\健康与家庭-行业报告 V2.0\健康与家庭底表（已处理）\口腔护理产品\口腔护理产品竞品分析底表-市场大盘v1.xlsx
功效面部护肤,有机,头发护理,产品特性,头发护理,,0,,31,,0,0,,Z:\主线任务2-天眼计划\行业专题研究\行研报告\美容和个人护理-行业研究\美容和个人护理（已处理）\头发护理\头发护理竞品分析底表-市场大盘v1.xlsx
功效面部护肤,保湿,头发护理,功效,头发护理,,0,,31,,0,0,,Z:\主线任务2-天眼计划\行业专题研究\行研报告\美容和个人护理-行业研究\美容和个人护理（已处理）\头发护理\头发护理竞品分析底表-市场大盘v1.xlsx
功效面部护肤,光泽,头发护理,功效,头发护理,,0,,31,,0,0,,Z:\主线任务2-天眼计划\行业专题研究\行研报告\美容和个人护理-行业研究\美容和个人护理（已处理）\头发护理\头发护理竞品分析底表-市场大盘v1.xlsx
功效面部护肤,专业,护肤与个护,使用场景,个人护理产品,,0,,30,,0,0,,Z:\主线任务2-天眼计划\行业专题研究\行研报告\健康与家庭-行业报告 V2.0\健康与家庭底表（已处理）\个人护理产品\个人护理产品竞品分析底表-市场大盘v1.xlsx
功效面部护肤,容量,护肤与个护,规格,化妆,,0,,30,,0,0,,Z:\主线任务2-天眼计划\行业专题研究\行研报告\美容和个人护理-行业研究\美容和个人护理（已处理）\化妆\化妆竞品分析底表-市场大盘v1.xlsx
功效面部护肤,椰子油,头发护理,产品特性,头发护理,,0,,30,,0,0,,Z:\主线任务2-天眼计划\行业专题研究\行研报告\美容和个人护理-行业研究\美容和个人护理（已处理）\头发护理\头发护理竞品分析底表-市场大盘v1.xlsx
功效面部护肤,生发,头发护理,功效,头发护理,,0,,30,,0,0,,Z:\主线任务2-天眼计划\行业专题研究\行研报告\美容和个人护理-行业研究\美容和个人护理（已处理）\头发护理\头发护理竞品分析底表-市场大盘v1.xlsx
美容工具/仪器,尺寸,护肤与个护,规格,美容工具和配件,,0,,30,,0,0,,Z:\主线任务2-天眼计划\行业专题研究\行研报告\美容和个人护理-行业研究\美容和个人护理（已处理）\美容工具和配件\美容工具和配件竞品分析底表-市场大盘v1.xlsx
功效面部护肤,专业,足部、手部和指甲护理,使用场景,足部、手部和指甲护理,,0,,30,,0,0,,Z:\主线任务2-天眼计划\行业专题研究\行研报告\美容和个人护理-行业研究\美容和个人护理（已处理）\足部、手部和指甲护理\足部、手部和指甲护理竞品分析底表-市场大盘v1.xlsx
功效面部护肤,旅行,头发护理,使用场景,头发护理,,0,,29,,0,0,,Z:\主线任务2-天眼计划\行业专题研究\行研报告\美容和个人护理-行业研究\美容和个人护理（已处理）\头发护理\头发护理竞品分析底表-市场大盘v1.xlsx
功效面部护肤,加热,护肤与个护,产品特性,沙龙和水疗设备,,0,,29,,0,0,,Z:\主线任务2-天眼计划\行业专题研究\行研报告\美容和个人护理-行业研究\美容和个人护理（已处理）\沙龙和水疗设备\沙龙和水疗设备竞品分析底表-市场大盘v1.xlsx
功效面部护肤,尺寸,护肤与个护,规格,沙龙和水疗设备,,0,,29,,0,0,,Z:\主线任务2-天眼计划\行业专题研究\行研报告\美容和个人护理-行业研究\美容和个人护理（已处理）\沙龙和水疗设备\沙龙和水疗设备竞品分析底表-市场大盘v1.xlsx
功效面部护肤,色号,护肤与个护,规格,化妆,,0,,28,,0,0,,Z:\主线任务2-天眼计划\行业专题研究\行研报告\美容和个人护理-行业研究\美容和个人护理（已处理）\化妆\化妆竞品分析底表-市场大盘v1.xlsx
功效面部护肤,日常,头发护理,使用场景,头发护理,,0,,28,,0,0,,Z:\主线任务2-天眼计划\行业专题研究\行研报告\美容和个人护理-行业研究\美容和个人护理（已处理）\头发护理\头发护理竞品分析底表-市场大盘v1.xlsx
功效面部护肤,便携,护肤与个护,产品特性,沙龙和水疗设备,,0,,28,,0,0,,Z:\主线任务2-天眼计划\行业专题研究\行研报告\美容和个人护理-行业研究\美容和个人护理（已处理）\沙龙和水疗设备\沙龙和水疗设备竞品分析底表-市场大盘v1.xlsx
功效面部护肤,可调节,护肤与个护,产品特性,沙龙和水疗设备,,0,,28,,0,0,,Z:\主线任务2-天眼计划\行业专题研究\行研报告\美容和个人护理-行业研究\美容和个人护理（已处理）\沙龙和水疗设备\沙龙和水疗设备竞品分析底表-市场大盘v1.xlsx
香水/香氛,滚珠,香水,规格,香水,,0,,28,,0,0,,Z:\主线任务2-天眼计划\行业专题研究\行研报告\美容和个人护理-行业研究\美容和个人护理（已处理）\香水\香水竞品分析底表-市场大盘v1.xlsx
功效面部护肤,日常,护肤与个护,使用场景,化妆,,0,,27,,0,0,,Z:\主线任务2-天眼计划\行业专题研究\行研报告\美容和个人护理-行业研究\美容和个人护理（已处理）\化妆\化妆竞品分析底表-市场大盘v1.xlsx
功效面部护肤,LED光,护肤与个护,产品特性,沙龙和水疗设备,,0,,27,,0,0,,Z:\主线任务2-天眼计划\行业专题研究\行研报告\美容和个人护理-行业研究\美容和个人护理（已处理）\沙龙和水疗设备\沙龙和水疗设备竞品分析底表-市场大盘v1.xlsx
功效面部护肤,纯素,皮肤护理,产品特性,皮肤护理,,0,,27,,0,0,,Z:\主线任务2-天眼计划\行业专题研究\行研报告\美容和个人护理-行业研究\美容和个人护理（已处理）\皮肤护理\皮肤护理竞品分析底表-市场大盘v1.xlsx
功效面部护肤,修复,皮肤护理,功效,皮肤护理,,0,,27,,0,0,,Z:\主线任务2-天眼计划\行业专题研究\行研报告\美容和个人护理-行业研究\美容和个人护理（已处理）\皮肤护理\皮肤护理竞品分析底表-市场大盘v1.xlsx
功效面部护肤,尺寸,护肤与个护,规格,礼品套装,,0,,27,,0,0,,Z:\主线任务2-天眼计划\行业专题研究\行研报告\美容和个人护理-行业研究\美容和个人护理（已处理）\礼品套装\礼品套装竞品分析底表-市场大盘v1.xlsx
美容工具/仪器,沙龙,护肤与个护,使用场景,美容工具和配件,,0,,27,,0,0,,Z:\主线任务2-天眼计划\行业专题研究\行研报告\美容和个人护理-行业研究\美容和个人护理（已处理）\美容工具和配件\美容工具和配件竞品分析底表-市场大盘v1.xlsx
功效面部护肤,色号,足部、手部和指甲护理,规格,足部、手部和指甲护理,,0,,27,,0,0,,Z:\主线任务2-天眼计划\行业专题研究\行研报告\美容和个人护理-行业研究\美容和个人护理（已处理）\足部、手部和指甲护理\足部、手部和指甲护理竞品分析底表-市场大盘v1.xlsx
功效面部护肤,尺寸,个人护理,规格,个人护理,,0,,26,,0,0,,Z:\主线任务2-天眼计划\行业专题研究\行研报告\美容和个人护理-行业研究\美容和个人护理（已处理）\个人护理\个人护理竞品分析底表-市场大盘v1.xlsx
功效面部护肤,水疗,护肤与个护,使用场景,沙龙和水疗设备,,0,,26,,0,0,,Z:\主线任务2-天眼计划\行业专题研究\行研报告\美容和个人护理-行业研究\美容和个人护理（已处理）\沙龙和水疗设备\沙龙和水疗设备竞品分析底表-市场大盘v1.xlsx
香水/香氛,日常,香水,使用场景,香水,,0,,26,,0,0,,Z:\主线任务2-天眼计划\行业专题研究\行研报告\美容和个人护理-行业研究\美容和个人护理（已处理）\香水\香水竞品分析底表-市场大盘v1.xlsx
功效面部护肤,角蛋白,头发护理,产品特性,头发护理,,0,,25,,0,0,,Z:\主线任务2-天眼计划\行业专题研究\行研报告\美容和个人护理-行业研究\美容和个人护理（已处理）\头发护理\头发护理竞品分析底表-市场大盘v1.xlsx
美容工具/仪器,尺寸,护肤与个护,规格,美容工具和配件,,0,,25,,0,0,,Z:\主线任务2-天眼计划\行业专题研究\行研报告\美容和个人护理-行业研究\美容和个人护理（已处理）\美容工具和配件\美容工具和配件竞品分析底表-市场大盘v1.xlsx
香水/香氛,东方,香水,产品特性,香水,,0,,25,,0,0,,Z:\主线任务2-天眼计划\行业专题研究\行研报告\美容和个人护理-行业研究\美容和个人护理（已处理）\香水\香水竞品分析底表-市场大盘v1.xlsx
口腔护理,美白,美妆个护综合,功效,口腔护理产品,,0,,24,,0,0,,Z:\主线任务2-天眼计划\行业专题研究\行研报告\健康与家庭-行业报告 V2.0\健康与家庭底表（已处理）\口腔护理产品\口腔护理产品竞品分析底表-市场大盘v1.xlsx
身体/沐浴/除臭,多功能,护肤与个护,产品特性,沐浴产品,,0,,24,,0,0,,Z:\主线任务2-天眼计划\行业专题研究\行研报告\家庭和厨房-行业研究\沐浴产品竞品分析底表-市场大盘v1.xlsx
身体/沐浴/除臭,可水洗,护肤与个护,规格,沐浴产品,,0,,24,,0,0,,Z:\主线任务2-天眼计划\行业专题研究\行研报告\家庭和厨房-行业研究\沐浴产品竞品分析底表-市场大盘v1.xlsx
功效面部护肤,保湿,美妆个护综合,功效,手工美容与仪容,,0,,24,,0,0,,Z:\主线任务2-天眼计划\行业专题研究\行研报告\手工制品-行业研究\手工美容与仪容竞品分析底表-市场大盘v1.xlsx
男士剃须/理容,IPL,剃须和脱毛,产品特性,剃须和脱毛,,0,,24,,0,0,,Z:\主线任务2-天眼计划\行业专题研究\行研报告\美容和个人护理-行业研究\美容和个人护理（已处理）\剃须和脱毛\剃须和脱毛竞品分析底表-市场大盘v1.xlsx
男士剃须/理容,湿剃,剃须和脱毛,产品特性,剃须和脱毛,,0,,24,,0,0,,Z:\主线任务2-天眼计划\行业专题研究\行研报告\美容和个人护理-行业研究\美容和个人护理（已处理）\剃须和脱毛\剃须和脱毛竞品分析底表-市场大盘v1.xlsx
功效面部护肤,天然,护肤与个护,产品特性,化妆,,0,,24,,0,0,,Z:\主线任务2-天眼计划\行业专题研究\行研报告\美容和个人护理-行业研究\美容和个人护理（已处理）\化妆\化妆竞品分析底表-市场大盘v1.xlsx
功效面部护肤,无硫酸盐,头发护理,产品特性,头发护理,,0,,24,,0,0,,Z:\主线任务2-天眼计划\行业专题研究\行研报告\美容和个人护理-行业研究\美容和个人护理（已处理）\头发护理\头发护理竞品分析底表-市场大盘v1.xlsx
功效面部护肤,柔顺,头发护理,功效,头发护理,,0,,24,,0,0,,Z:\主线任务2-天眼计划\行业专题研究\行研报告\美容和个人护理-行业研究\美容和个人护理（已处理）\头发护理\头发护理竞品分析底表-市场大盘v1.xlsx
功效面部护肤,天然,头发护理,产品特性,头发护理,,0,,24,,0,0,,Z:\主线任务2-天眼计划\行业专题研究\行研报告\美容和个人护理-行业研究\美容和个人护理（已处理）\头发护理\头发护理竞品分析底表-市场大盘v1.xlsx
功效面部护肤,尺码,足部、手部和指甲护理,规格,足部、手部和指甲护理,,0,,24,,0,0,,Z:\主线任务2-天眼计划\行业专题研究\行研报告\美容和个人护理-行业研究\美容和个人护理（已处理）\足部、手部和指甲护理\足部、手部和指甲护理竞品分析底表-市场大盘v1.xlsx
功效面部护肤,天然,护肤与个护,产品特性,个人护理产品,,0,,23,,0,0,,Z:\主线任务2-天眼计划\行业专题研究\行研报告\健康与家庭-行业报告 V2.0\健康与家庭底表（已处理）\个人护理产品\个人护理产品竞品分析底表-市场大盘v1.xlsx
口腔护理,旅行,美妆个护综合,使用场景,口腔护理产品,,0,,23,,0,0,,Z:\主线任务2-天眼计划\行业专题研究\行研报告\健康与家庭-行业报告 V2.0\健康与家庭底表（已处理）\口腔护理产品\口腔护理产品竞品分析底表-市场大盘v1.xlsx
功效面部护肤,盘,护肤与个护,规格,化妆,,0,,23,,0,0,,Z:\主线任务2-天眼计划\行业专题研究\行研报告\美容和个人护理-行业研究\美容和个人护理（已处理）\化妆\化妆竞品分析底表-市场大盘v1.xlsx
功效面部护肤,摩洛哥油,头发护理,产品特性,头发护理,,0,,23,,0,0,,Z:\主线任务2-天眼计划\行业专题研究\行研报告\美容和个人护理-行业研究\美容和个人护理（已处理）\头发护理\头发护理竞品分析底表-市场大盘v1.xlsx
美容工具/仪器,按摩,护肤与个护,功效,美容工具和配件,,0,,23,,0,0,,Z:\主线任务2-天眼计划\行业专题研究\行研报告\美容和个人护理-行业研究\美容和个人护理（已处理）\美容工具和配件\美容工具和配件竞品分析底表-市场大盘v1.xlsx
香水/香氛,魅惑,香水,功效,香水,,0,,23,,0,0,,Z:\主线任务2-天眼计划\行业专题研究\行研报告\美容和个人护理-行业研究\美容和个人护理（已处理）\香水\香水竞品分析底表-市场大盘v1.xlsx
功效面部护肤,素食,护肤与个护,产品特性,个人护理产品,,0,,22,,0,0,,Z:\主线任务2-天眼计划\行业专题研究\行研报告\健康与家庭-行业报告 V2.0\健康与家庭底表（已处理）\个人护理产品\个人护理产品竞品分析底表-市场大盘v1.xlsx
功效面部护肤,天然,护肤与个护,产品特性,个人护理产品,,0,,22,,0,0,,Z:\主线任务2-天眼计划\行业专题研究\行研报告\健康与家庭-行业报告 V2.0\健康与家庭底表（已处理）\个人护理产品\个人护理产品竞品分析底表-市场大盘v1.xlsx
口腔护理,矫正,美妆个护综合,使用场景,口腔护理产品,,0,,22,,0,0,,Z:\主线任务2-天眼计划\行业专题研究\行研报告\健康与家庭-行业报告 V2.0\健康与家庭底表（已处理）\口腔护理产品\口腔护理产品竞品分析底表-市场大盘v1.xlsx
身体/沐浴/除臭,餐饮用餐,护肤与个护,使用场景,沐浴产品,,0,,22,,0,0,,Z:\主线任务2-天眼计划\行业专题研究\行研报告\家庭和厨房-行业研究\沐浴产品竞品分析底表-市场大盘v1.xlsx
功效面部护肤,纯素,个人护理,产品特性,个人护理,,0,,22,,0,0,,Z:\主线任务2-天眼计划\行业专题研究\行研报告\美容和个人护理-行业研究\美容和个人护理（已处理）\个人护理\个人护理竞品分析底表-市场大盘v1.xlsx
功效面部护肤,天然,个人护理,产品特性,个人护理,,0,,22,,0,0,,Z:\主线任务2-天眼计划\行业专题研究\行研报告\美容和个人护理-行业研究\美容和个人护理（已处理）\个人护理\个人护理竞品分析底表-市场大盘v1.xlsx
功效面部护肤,套装,护肤与个护,规格,礼品套装,,0,,22,,0,0,,Z:\主线任务2-天眼计划\行业专题研究\行研报告\美容和个人护理-行业研究\美容和个人护理（已处理）\礼品套装\礼品套装竞品分析底表-市场大盘v1.xlsx
功效面部护肤,日常,护肤与个护,使用场景,个人护理产品,,0,,21,,0,0,,Z:\主线任务2-天眼计划\行业专题研究\行研报告\健康与家庭-行业报告 V2.0\健康与家庭底表（已处理）\个人护理产品\个人护理产品竞品分析底表-市场大盘v1.xlsx
口腔护理,旅行,美妆个护综合,使用场景,口腔护理产品,,0,,21,,0,0,,Z:\主线任务2-天眼计划\行业专题研究\行研报告\健康与家庭-行业报告 V2.0\健康与家庭底表（已处理）\口腔护理产品\口腔护理产品竞品分析底表-市场大盘v1.xlsx
功效面部护肤,日常,个人护理,使用场景,个人护理,,0,,21,,0,0,,Z:\主线任务2-天眼计划\行业专题研究\行研报告\美容和个人护理-行业研究\美容和个人护理（已处理）\个人护理\个人护理竞品分析底表-市场大盘v1.xlsx
功效面部护肤,无残忍,护肤与个护,产品特性,化妆,,0,,21,,0,0,,Z:\主线任务2-天眼计划\行业专题研究\行研报告\美容和个人护理-行业研究\美容和个人护理（已处理）\化妆\化妆竞品分析底表-市场大盘v1.xlsx
功效面部护肤,按摩,护肤与个护,功效,沙龙和水疗设备,,0,,21,,0,0,,Z:\主线任务2-天眼计划\行业专题研究\行研报告\美容和个人护理-行业研究\美容和个人护理（已处理）\沙龙和水疗设备\沙龙和水疗设备竞品分析底表-市场大盘v1.xlsx
功效面部护肤,沙龙,护肤与个护,使用场景,沙龙和水疗设备,,0,,21,,0,0,,Z:\主线任务2-天眼计划\行业专题研究\行研报告\美容和个人护理-行业研究\美容和个人护理（已处理）\沙龙和水疗设备\沙龙和水疗设备竞品分析底表-市场大盘v1.xlsx
功效面部护肤,透明质酸,皮肤护理,产品特性,皮肤护理,,0,,21,,0,0,,Z:\主线任务2-天眼计划\行业专题研究\行研报告\美容和个人护理-行业研究\美容和个人护理（已处理）\皮肤护理\皮肤护理竞品分析底表-市场大盘v1.xlsx
美容工具/仪器,射频,护肤与个护,产品特性,美容工具和配件,,0,,21,,0,0,,Z:\主线任务2-天眼计划\行业专题研究\行研报告\美容和个人护理-行业研究\美容和个人护理（已处理）\美容工具和配件\美容工具和配件竞品分析底表-市场大盘v1.xlsx
美容工具/仪器,沙龙,护肤与个护,使用场景,美容工具和配件,,0,,21,,0,0,,Z:\主线任务2-天眼计划\行业专题研究\行研报告\美容和个人护理-行业研究\美容和个人护理（已处理）\美容工具和配件\美容工具和配件竞品分析底表-市场大盘v1.xlsx
功效面部护肤,舒缓,足部、手部和指甲护理,功效,足部、手部和指甲护理,,0,,21,,0,0,,Z:\主线任务2-天眼计划\行业专题研究\行研报告\美容和个人护理-行业研究\美容和个人护理（已处理）\足部、手部和指甲护理\足部、手部和指甲护理竞品分析底表-市场大盘v1.xlsx
香水/香氛,东方,香水,产品特性,香水,,0,,21,,0,0,,Z:\主线任务2-天眼计划\行业专题研究\行研报告\美容和个人护理-行业研究\美容和个人护理（已处理）\香水\香水竞品分析底表-市场大盘v1.xlsx
功效面部护肤,素食,美妆个护综合,产品特性,手工美容与仪容,,0,,20,,0,0,,Z:\主线任务2-天眼计划\行业专题研究\行研报告\手工制品-行业研究\手工美容与仪容竞品分析底表-市场大盘v1.xlsx
男士剃须/理容,舒缓,剃须和脱毛,功效,剃须和脱毛,,0,,20,,0,0,,Z:\主线任务2-天眼计划\行业专题研究\行研报告\美容和个人护理-行业研究\美容和个人护理（已处理）\剃须和脱毛\剃须和脱毛竞品分析底表-市场大盘v1.xlsx
功效面部护肤,哑光,护肤与个护,功效,化妆,,0,,20,,0,0,,Z:\主线任务2-天眼计划\行业专题研究\行研报告\美容和个人护理-行业研究\美容和个人护理（已处理）\化妆\化妆竞品分析底表-市场大盘v1.xlsx
功效面部护肤,滋养,头发护理,功效,头发护理,,0,,20,,0,0,,Z:\主线任务2-天眼计划\行业专题研究\行研报告\美容和个人护理-行业研究\美容和个人护理（已处理）\头发护理\头发护理竞品分析底表-市场大盘v1.xlsx
功效面部护肤,套装,头发护理,规格,头发护理,,0,,20,,0,0,,Z:\主线任务2-天眼计划\行业专题研究\行研报告\美容和个人护理-行业研究\美容和个人护理（已处理）\头发护理\头发护理竞品分析底表-市场大盘v1.xlsx
功效面部护肤,可调节,护肤与个护,产品特性,沙龙和水疗设备,,0,,20,,0,0,,Z:\主线任务2-天眼计划\行业专题研究\行研报告\美容和个人护理-行业研究\美容和个人护理（已处理）\沙龙和水疗设备\沙龙和水疗设备竞品分析底表-市场大盘v1.xlsx
美容工具/仪器,美容,护肤与个护,功效,美容工具和配件,,0,,20,,0,0,,Z:\主线任务2-天眼计划\行业专题研究\行研报告\美容和个人护理-行业研究\美容和个人护理（已处理）\美容工具和配件\美容工具和配件竞品分析底表-市场大盘v1.xlsx
香水/香氛,容量,香水,规格,香水,,0,,20,,0,0,,Z:\主线任务2-天眼计划\行业专题研究\行研报告\美容和个人护理-行业研究\美容和个人护理（已处理）\香水\香水竞品分析底表-市场大盘v1.xlsx
香水/香氛,提神,香水,功效,香水,,0,,20,,0,0,,Z:\主线任务2-天眼计划\行业专题研究\行研报告\美容和个人护理-行业研究\美容和个人护理（已处理）\香水\香水竞品分析底表-市场大盘v1.xlsx